story_title,story_id,genre_id,genre_name,filename,prompt,negative_prompt,aspect_ratio,logline
"The Three Little Pigs","pigs","01","Original Fairy Tale","pigs_01_original.webp","Storybook woodcut illustration: three anthropomorphic pig brothers in patched waistcoats stand before three escalating houses — straw hovel, stick lean-to, brick cottage — under a twilight forest sky. A grinning anthropomorphic wolf in a tattered black cloak crouches in the foreground, exhaling visible breath. Inked outlines, hand-painted watercolor wash, warm sepia and forest-green palette, classic Brothers Grimm engraving sensibility. Centered composition, square frame, no text or borders.","text, signature, watermark, modern logos, photorealism, blurry, lowres","1:1","Three pig brothers build houses of straw, sticks, and brick as a hot-breathed wolf hunts them through the woods."
"The Three Little Pigs","pigs","02","Film Noir","pigs_02_noir.webp","High-contrast black-and-white film still: three anthropomorphic pig brothers in pinstripe suits and fedoras inside a smoky speakeasy with three escalating interiors visible — straw curtain booth, plywood booth, brick-walled office. A lone anthropomorphic wolf detective in a long trench coat lights a cigarette, half his face cut by venetian-blind shadows. 1940s pulp poster aesthetic, deep blacks, hard rim light, single red tie as color accent. Square frame, centered composition.","color saturation, modern fashion, daylight, cartoon, lowres","1:1","Three pig brothers run a smoky speakeasy. A wolf detective in a fedora circles, looking for the hideout no bullet can crack."
"The Three Little Pigs","pigs","03","Cosmic Horror","pigs_03_cosmic-horror.webp","Eldritch horror illustration: three anthropomorphic pig figures hunched within three shrines of straw, polished bone, and black basalt under an indifferent sky of violet nebulae and bleeding stars. An enormous wolf-shaped silhouette of negative space looms — composed of writhing tentacles where teeth should be — exhaling cold light. Sickly green and violet palette, non-Euclidean geometry, Lovecraftian dread, pen-and-ink with painterly washes. Centered composition, square frame.","cute, friendly, bright colors, warm light, text","1:1","Three pigs huddle in shrines of straw, bone, and basalt. The wolf is no animal — it is a hunger between stars."
"The Three Little Pigs","pigs","04","Gothic Horror","pigs_04_gothic.webp","Gothic oil painting: three anthropomorphic pig heirs in mourning velvet stand before three crumbling manor wings — a thatched gatekeeper's cottage, a moss-eaten timber wing, a fog-bound brick estate with one lit window. A black wolf-shaped shadow with glowing eyes pads across the moors in the foreground. Candelabras, fog, claret reds and bone whites, lingering dread, Goya-meets-Bronte. Square frame.","modern, cheerful, bright daylight, cartoon, text","1:1","Three pig heirs inherit crumbling manors. A wolf-shaped family curse scratches at locked doors after midnight."
"The Three Little Pigs","pigs","05","Steampunk","pigs_05_steampunk.webp","Steampunk illustration: three anthropomorphic pig engineers in brass goggles and leather aprons stand before three escalating workshops — a canvas tent rig, a riveted iron shed, a brass-domed fortress with copper piping. A wolf-engineer in pressurized boilersuit pilots a small airship overhead, smokestacks puffing. Sepia-and-verdigris palette, exposed gears, pneumatic tubes, vintage scientific illustration plate sensibility. Square frame.","plastic, modern electronics, neon, photorealism, text","1:1","Three pig engineers fortify workshops with steam and brass. The wolf arrives in an airship of pressurized fury."
"The Three Little Pigs","pigs","06","Cyberpunk","pigs_06_cyberpunk.webp","Cyberpunk concept art: three anthropomorphic pig hackers with chrome implants seated before three escalating server-rigs — a cardboard-and-cable hovel, a midrange neon-lit terminal, a chrome-walled military-grade datacenter. A wolf-class netrunner in black hoodie and glowing visor uploads a payload, scarlet code streaming. Rain-wet neon, hot pink and electric cyan, holographic ad-glow, Blade Runner palette. Square frame.","natural materials, daylight, rustic, oil painting, text","1:1","Three pig hackers raise weak, average, and military-grade ICE. A wolf-class netrunner cracks their firewalls in sequence."
"The Three Little Pigs","pigs","07","Space Opera","pigs_07_space-opera.webp","Space opera concept art: three anthropomorphic pig colonists in pressure suits stand before three escalating habitat domes on a frontier moon — inflatable tent, fabric geodesic, reinforced metal arcology — Saturnian rings overhead. A sleek wolf-class warship hangs in low orbit, hull running with battle scars, ion engines glowing. Sapphire and magenta nebulae, hard sci-fi detail, lens flare. Square frame.","earth, primitive, fantasy creatures, magic, text","1:1","Three pig colonists raise domes on a frontier moon. A wolf-class warship in low orbit picks them off, dome by dome."
"The Three Little Pigs","pigs","08","Western","pigs_08_western.webp","Western painted illustration: three anthropomorphic pig brothers in dusters and boots stand before three escalating frontier dwellings — a canvas tent, a clapboard shack, a stone homestead with iron-bound door — under a blood-orange sundown. A black-hatted anthropomorphic wolf with twin revolvers rides up the trail on a tall horse. Dust, ochre and rust palette, John Ford framing, weathered wood. Square frame.","futuristic, electronic, neon, urban, text","1:1","Three pig brothers stake frontier claims — tent, shack, stone homestead. A black-hatted wolf rides in at sundown."
"The Three Little Pigs","pigs","09","Post-Apocalyptic","pigs_09_post-apocalyptic.webp","Post-apocalyptic concept art: three anthropomorphic pig survivors in scavenged armor stand before three escalating ruins — a lean-to of corrugated tin, a salvaged-timber barricade, a graffitied concrete bunker — beneath an ash-grey sky. A snarling wolf warlord leads a pack of mutants across a cracked highway, leather and bone fetishes. Mad Max palette of rust, bone, and bleached sun. Square frame.","clean, modern, pristine, bright colors, optimistic, text","1:1","Three pig survivors fortify ruins — scavenged tin, salvaged wood, concrete bunker. The wolf leads a feral pack."
"The Three Little Pigs","pigs","10","Dystopian","pigs_10_dystopian.webp","Dystopian propaganda-poster illustration: three anthropomorphic pig citizens in identical grey uniforms stand at attention before three sanctioned concrete dwellings, surveillance cameras blinking from every eave. A wolf-state officer in mirrored visor and crimson armband oversees a roll call. Brutalist concrete, blood-red banners, monochrome with single red accent, 1984 atmosphere — the world WORKS, but wrongly. Square frame.","ruined, post-apocalyptic, rural, warm light, freedom, text","1:1","Three pig citizens build sanctioned dwellings under the Wolf State's gaze. Surveillance cameras blink in every wall."
"The Three Little Pigs","pigs","11","Solarpunk","pigs_11_solarpunk.webp","Solarpunk illustration: three anthropomorphic pig artisans in linen tunics stand before three living homes — woven thatch dome, mycelium-grown longhouse, living masonry tower threaded with climbing vines — all energy-positive. A reformed anthropomorphic wolf in herbalist garb arrives with a teapot. Lush greenery, gold-hour sunlight, terracotta and sage palette, communal warmth, hopeful optimism, Ghibli sensibility. Square frame.","industrial, dystopian, grey, hostile, text","1:1","Three pig artisans weave homes of thatch, mycelium, and living masonry. A reformed wolf arrives to share tea."
"The Three Little Pigs","pigs","12","High Fantasy","pigs_12_high-fantasy.webp","High fantasy book cover illustration: three anthropomorphic pig brothers in studded leather, plate armor, and dwarven mail stand before three magical dwellings — a golden-hay yurt glowing with sigils, a runed oak hall, a dwarven brick keep cut into a mountainside. A werewolf knight in black armor with a crimson cape rides a warhorse under a blood moon. Jewel tones, dragon silhouette in the sky, sword-and-sorcery majesty. Square frame.","modern, technology, urban, text","1:1","Three pig brothers each enchant a magical material — golden hay, runed oak, dwarven brick. A werewolf knight rides at the blood moon."
"The Three Little Pigs","pigs","13","Anime","pigs_13_anime.webp","Anime cel-shaded illustration: three anthropomorphic pig friends in school uniforms with distinct hairstyles strike dynamic stances before three escalating dorms — straw shack, wood barracks, concrete training-hall. Wolf-senpai, taller, white-haired, eyes glowing, channels a wind technique in the foreground, motion lines radiating. Cherry blossoms drifting, vibrant cel-shading, big expressive eyes, Ghibli-meets-shonen palette. Square frame.","photorealism, western comic, dull colors, text","1:1","Three pig friends defend their dorms with martial arts and sweat. Wolf-senpai has a tragic backstory and a wind technique."
"The Three Little Pigs","pigs","14","Superhero Comic","pigs_14_superhero.webp","Superhero comic splash page: three anthropomorphic pig brothers in color-coded power armor — straw-light yellow, stick-medium green, brick-heavy crimson — strike heroic poses before their escalating fortified bases. Big Bad Wolf, supervillain in jagged onyx armor with a sonic-canon chest piece, inhales for a city-shattering huff. Halftone dots, Kirby crackle energy, bold primary colors, dynamic Lee-style inking, dramatic camera angle. Square frame.","photorealism, soft, romantic, muted colors, text","1:1","Three pig brothers in color-coded power armor face Wolf, a supervillain who huffs and puffs with sonic lungs."
"The Three Little Pigs","pigs","15","Silent Film","pigs_15_silent-film.webp","Silent film still: three anthropomorphic pig brothers in oversized overalls and bowler hats mug at the camera before three exaggerated tiny dwellings — straw bundle, stick pile, brick cube. A vaudeville wolf in tuxedo and top hat mimes knocking, door already exploding into splinters mid-frame. High-contrast sepia monochrome, iris-vignette edges, 1920s slapstick energy, hand-painted matte backdrop. Square frame.","color, modern, photorealism, sharp digital edges, text","1:1","Iris opens on three pigs building tiny dwellings, mugging at the camera. Wolf mimes a knock; the door explodes in splinters."
"The Three Little Pigs","pigs","16","1950s Suburban Mystery","pigs_16_suburban-mystery.webp","1950s suburban mystery illustration: three anthropomorphic pig families in cardigans and gingham dresses pose on the lawns of three identical pastel-pink, mint, and brick-red ranch houses on Wolfsbane Lane. A wolf-shaped shadow stretches from the brickwork of the third house, hollowing it out from inside. Picket fences, manicured lawns, Pleasantville palette with sinister undercurrent, Blue Velvet color logic. Square frame.","futuristic, fantasy, magical, text","1:1","Three pig families move into identical pastel ranches on Wolfsbane Lane. Something hollows out the brickwork from inside."
"The Three Little Pigs","pigs","17","Cold War Spy","pigs_17_cold-war-spy.webp","Cold war espionage illustration: three anthropomorphic pig agents in grey trench coats stand at three checkpoints of divided Berlin — a wooden guard shack, a brick wall section, a concrete observation tower — sodium-lamp fog. A wolf-coded defector in a long coat passes a folded envelope under a streetlight. Le Carré atmosphere, muted greys and amber sodium light, period-correct East German signage. Square frame.","modern technology, fantasy, color saturation, text","1:1","Three pig agents run safehouses in three sectors of divided Berlin. A wolf-coded defector turns out to be the asset."
"The Three Little Pigs","pigs","18","True Crime Doc","pigs_18_true-crime.webp","True crime documentary still: VHS camcorder-grain re-enactment showing three anthropomorphic pig brothers, separately portrayed in handheld talking-head shots, before low-resolution photos of their three dwellings — straw, stick, brick — taped to a corkboard with police-tape yellow string connecting them. A retired wolf-detective in shadow refuses the camera. Low-light, blue-and-yellow evidence palette, timestamp burn-in, 1990s docu-realism. Square frame.","glossy, hi-fidelity, fantasy, vibrant colors, text","1:1","Camcorder talking heads recall the three Pig brothers, last seen alive. Detective Wolfe, retired, refuses to speak on camera."
"The Three Little Pigs","pigs","19","Courtroom Drama","pigs_19_courtroom.webp","Courtroom drama oil-painting illustration: three anthropomorphic pig plaintiffs in modest suits sit at a mahogany plaintiff's table; three labeled exhibits A, B, C — a jar of straw ash, a bundle of splintered sticks, an intact brick — rest on the evidence rail. A composed anthropomorphic wolf in a sharp three-piece suit takes the witness stand under brass-rail lighting. Mahogany, brass, judicial gravitas, oil-painting realism. Square frame.","modern casual, cartoon, sci-fi, text","1:1","Three pig plaintiffs sue the Wolf for property damage. Exhibits: ashes of straw, splinters of stick, intact brick. The Wolf takes the stand."
"The Three Little Pigs","pigs","20","Romance","pigs_20_romance.webp","Romance novel cover illustration: three anthropomorphic pig sisters in flowing summer dresses stand on the porches of three escalating bed-and-breakfasts — straw-bale cottage, timber inn, brick manor — under golden-hour light. A handsome anthropomorphic wolf stranger in a linen shirt approaches with a small suitcase, looking over his shoulder. Soft focus, rose-gold and ivory palette, longing glances, Pre-Raphaelite sensibility. Square frame.","horror, dark, threatening, text","1:1","Three pig sisters open a bed-and-breakfast trio. A handsome stranger with wolfish eyes books all three rooms."
"The Three Little Pigs","pigs","21","Heist","pigs_21_heist.webp","Heist movie poster illustration: three anthropomorphic pig specialists — driver in leather jacket, demolitions expert with goggles, safecracker with stethoscope — stand before three blueprint overlays of escalating vaults: straw-grade, stick-grade, brick-grade. An anthropomorphic wolf in a sharp suit, the inside man, watches from a glass-walled office above. Ocean's Eleven palette, neon vault interiors bleeding through blueprints. Square frame.","rustic, primitive, fantasy creatures, text","1:1","Three pig specialists — driver, demolitions, safecracker — case three vault types. The wolf is the inside man."
"The Three Little Pigs","pigs","22","Detective Mystery","pigs_22_detective.webp","Detective mystery illustration: a single hard-boiled anthropomorphic detective in a long coat examines three crime scenes — three intact dwellings of straw, sticks, and brick, each with the three pig brothers laid out neatly inside. A magnifying glass reveals wolf hairs and breath residue on a porcelain teacup with two sets of prints. Foggy sepia palette, red string between clues, Holmesian atmosphere. Square frame.","cheerful, romantic, bright colors, text","1:1","Three pig brothers found dead in three intact homes. A detective traces wolf hair, breath residue, and a teacup with two prints."
"The Three Little Pigs","pigs","23","Survival / Wilderness","pigs_23_survival.webp","Wilderness survival illustration: three anthropomorphic pig brothers in furs and frostbite stand before three primitive shelters in deep snow — caribou-hide tent, driftwood lean-to, packed-snow igloo. A timber wolf, gaunt and patient, circles at the treeline, ribs visible, breath crystallizing. Alpine peaks, frozen river, bleak whites and steel blues, The Revenant atmosphere. Square frame.","tropical, urban, comfortable, text","1:1","Three pig brothers stranded in a frozen tundra build shelters of caribou hide, driftwood, and packed snow. A timber wolf circles, patient as winter."
"The Three Little Pigs","pigs","24","Slapstick Cartoon","pigs_24_slapstick.webp","Tex Avery-style slapstick cartoon: three anthropomorphic pig brothers in bowler hats hammering together houses of straw, sticks, and brick that visibly collapse on contact. A tuxedoed anthropomorphic wolf inhales so violently he launches into orbit, eyes bulging, anvil falling toward him from above. Rubber-hose limbs, squash and stretch, primary colors, dust clouds. Square frame.","photorealism, serious, muted, text","1:1","Three pig brothers in bowler hats hammer houses that collapse on contact. A tuxedoed wolf huffs himself into orbit."
"The Three Little Pigs","pigs","25","Mythic Epic","pigs_25_mythic-epic.webp","Mythic epic painting: three anthropomorphic pig demigods in laurel crowns and bronze breastplates stand before three escalating temples of reed, oak, and quarried marble on three terraced hills. A storm-cloaked wolf-god with eyes of lightning descends the storm-summit, jealous of mortal pride. Golden-hour Aegean light, Homeric grandeur, fresco-style with painterly cracks, deities and mortals in a single frame. Square frame.","modern, casual, mundane, text","1:1","Three pig demigods raise temples of reed, oak, and quarried marble. A wolf-god, jealous of mortal pride, descends from the storm-summit."
"Little Red Riding Hood","red","01","Original Fairy Tale","red_01_original.webp","Storybook woodcut illustration: a young girl in a vivid red cloak with hood, basket of cakes over one arm, pauses on a wooded path of birches and oaks. A grinning anthropomorphic wolf in a tattered cloak peers from behind a tree. In the distance, a thatched cottage with smoke rising. Hand-painted watercolor wash, warm sepia and forest-green, Brothers Grimm engraving sensibility. Square frame.","text, signature, watermark, modern, photorealism","1:1","A girl in a red hood crosses the woods with cakes for grandmother. The wolf reaches the cottage first and dresses in nightclothes."
"Little Red Riding Hood","red","02","Film Noir","red_02_noir.webp","Film noir still: a young woman with red hair in a crimson trench coat passes through fog under a wrought-iron streetlamp; tenement door cracks open ahead. A wolf-figure in a grey suit lurks just inside, wearing round wire spectacles. High-contrast black-and-white with red coat as single color accent, venetian-blind shadows, cigarette smoke, 1940s pulp atmosphere. Square frame.","color saturation, daylight, cheerful, text","1:1","A redhead in a crimson trench coat slips through fog to a tenement. A wolf in a gray suit is already inside, wearing grandmother's spectacles."
"Little Red Riding Hood","red","03","Cosmic Horror","red_03_cosmic-horror.webp","Eldritch horror illustration: a small girl in a blood-red cloak walks a petrified forest of black-glass trees beneath a violet sky bleeding stars. Ahead, a cottage door opens on a grandmother figure smiling with too many concentric teeth, eyes glowing. Sickly green and violet, non-Euclidean cottage geometry, Lovecraftian dread, ink and watercolor washes. Square frame.","cute, friendly, bright, warm, text","1:1","A girl in a blood-red cloak walks the petrified forest. Grandmother is already there, smiling with too many teeth."
"Little Red Riding Hood","red","04","Gothic Horror","red_04_gothic.webp","Gothic oil painting: a pale young woman in scarlet velvet cloak crosses moonlit moors toward a fog-bound manor, one window lit yellow. A wolf-shaped shadow with glowing eyes paces the gravel drive. Candelabras visible through a window. Claret reds, bone whites, deep teals, Goya-meets-Bronte sensibility, lingering dread. Square frame.","bright, modern, cartoon, text","1:1","A pale girl in scarlet velvet crosses moors to a fog-bound manor. The wolf has been the family curse for generations."
"Little Red Riding Hood","red","05","Steampunk","red_05_steampunk.webp","Steampunk illustration: a young woman in a brass-buttoned red riding coat and goggles steers a brass-and-leather velocipede along a clockwork forest path of geared trees. A wolf-engineer in pressurized boilersuit and crimson scarf emerges from the underbrush. A pneumatic cottage with steam-jet chimney rises in the distance. Sepia-and-verdigris palette, vintage scientific plate aesthetic. Square frame.","plastic, modern electronics, neon, text","1:1","A girl in a brass-buttoned red coat steams through clockwork woods on a velocipede. A wolf-engineer ambushes her near grandmother's pneumatic cottage."
"Little Red Riding Hood","red","06","Cyberpunk","red_06_cyberpunk.webp","Cyberpunk concept art: a young delivery courier in a red LED-trimmed hoodie weaves a cargo-bike through rain-slick neon back-alleys, a small package labeled MEMORY-CAKE in her basket. Ahead, an apartment door is cracked open; a wolf-class assassin with chrome implants waits inside, silenced pistol drawn. Hot pink and electric cyan, holographic ads, Blade Runner palette. Square frame.","natural, daylight, rustic, text","1:1","A delivery courier in a red hoodie weaves neon alleys with a memory-cake for grandmother's apartment. A wolf-class assassin is already in the unit."
"Little Red Riding Hood","red","07","Space Opera","red_07_space-opera.webp","Space opera concept art: a young cadet in a red flight jacket pilots a small one-person courier ship between drifting asteroids toward a battered mining station with a red beacon. A wolf-class pirate ship is already docked, hull scarred, airlock cycling. Sapphire-and-magenta nebulae, hard sci-fi detail, lens flare from a distant sun. Square frame.","earth, fantasy creatures, magic, text","1:1","A cadet in a red flight jacket pilots between asteroids to grandmother's mining station. A wolf-pirate has docked first."
"Little Red Riding Hood","red","08","Western","red_08_western.webp","Western painted illustration: a young woman in a red shawl over a calico dress rides a sorrel mare down a scrubland trail toward a weathered homestead at sunset. A wolfish drifter in a dead man's wide-brimmed hat sits on the porch sipping coffee, revolver loose in its holster. Ochre and rust palette, John Ford framing, dust devils, mesa silhouette. Square frame.","futuristic, urban, neon, text","1:1","A young woman in a red shawl rides to grandmother's homestead. A wolfish drifter in a dead man's hat sips coffee on the porch."
"Little Red Riding Hood","red","09","Post-Apocalyptic","red_09_post-apocalyptic.webp","Post-apocalyptic concept art: a young scavenger in a faded red windbreaker picks her way through the cracked asphalt of ruined suburbs, baseball bat slung over her shoulder, basket of canned goods. A reinforced bunker door ahead stands ajar; a mutant raider in wolf-skull mask waits inside. Ash-grey sky, rust and bone palette, Mad Max sensibility. Square frame.","pristine, optimistic, bright colors, text","1:1","A girl in a faded red windbreaker scavenges through ruined suburbs to grandmother's shelter. The wolf is a mutant raider already inside."
"Little Red Riding Hood","red","10","Dystopian","red_10_dystopian.webp","Dystopian propaganda-poster illustration: Subject R-7, a young woman in regulation-red hooded cloak, walks past surveillance drones along a brutalist concrete corridor toward Apartment 47. Wolf-Officer 12 stands at the door in mirrored visor and crimson armband, scanning a holographic authorization badge. Monochrome with single red accent, blood-red banners overhead, 1984 atmosphere. Square frame.","ruined, post-apocalyptic, warm light, freedom, text","1:1","Subject R-7 in regulation-red walks to grandmother's flat. Wolf-Officer 12 awaits, wearing grandmother's authorization badge."
"Little Red Riding Hood","red","11","Solarpunk","red_11_solarpunk.webp","Solarpunk illustration: a young child in a red harvest cloak bicycles through a tunnel of vine-draped trellises, a basket of fresh bread in front. A reformed anthropomorphic wolf in herbalist robes greets her at a solar-thatched cottage with a steaming teapot. Gold-hour sunlight, lush green and terracotta palette, Ghibli sensibility, communal warmth. Square frame.","industrial, dystopian, hostile, grey, text","1:1","A child in a red harvest cloak bicycles bread along a green-tunnel path. A reformed wolf accepts an invitation to tea."
"Little Red Riding Hood","red","12","High Fantasy","red_12_high-fantasy.webp","High fantasy book cover illustration: a young apprentice mage in a red enchanted hood with embroidered sigils walks an ensorcelled forest path of glowing mushrooms. A werewolf knight in black armor with a crimson cape bars the way, longsword drawn. A retired battlemage grandmother visible in the distance at a stone cottage, casting wards. Jewel tones, dragon shadow overhead. Square frame.","modern, technology, urban, text","1:1","An apprentice mage in a red enchanted hood crosses an ensorcelled wood to grandmother, a retired battlemage. A werewolf knight bars the path."
"Little Red Riding Hood","red","13","Anime","red_13_anime.webp","Anime cel-shaded illustration: a pink-haired girl in a red school cape sprints through a tunnel of falling cherry blossoms, lunchbox in hand. Wolf-kun, taller, white-haired, eyes glowing, stands at the path's bend with arms crossed. Dynamic motion lines, vibrant cel-shading, big expressive eyes, Ghibli-meets-shonen palette. Square frame.","photorealism, western comic, dull colors, text","1:1","A pink-haired girl in a red cape sprints through cherry-blossom woods, late to grandmother's. Wolf-kun waits, but she has unlocked a hidden technique."
"Little Red Riding Hood","red","14","Superhero Comic","red_14_superhero.webp","Superhero comic splash page: Red Hood, teenage vigilante in a scarlet hooded combat suit with utility belt, swings between brownstones of Wolfsbane City on a grappling line. Big Bad Wolf, supervillain in jagged onyx armor, holds civilians hostage on a rooftop including a kind-faced grandmother. Halftone dots, Kirby crackle energy, dynamic angles, bold primary colors. Square frame.","photorealism, soft romance, muted colors, text","1:1","Red Hood, teen vigilante in scarlet, swings through Wolfsbane City. Big Bad Wolf has taken hostages — gran included."
"Little Red Riding Hood","red","15","Silent Film","red_15_silent-film.webp","Silent film still: a young woman in a black-and-white but clearly red-toned cloak skips along a hand-painted forest backdrop, basket on arm. A vaudeville wolf in tuxedo and top hat mimes leaping into a small bed, donning a frilly cap that keeps slipping. High-contrast sepia monochrome, iris-vignette edges, 1920s slapstick energy. Square frame.","color, photorealism, sharp digital, text","1:1","Iris on a girl in a black-and-white-but-clearly-red cloak. Wolf mugs at camera, dons cap, leaps into bed."
"Little Red Riding Hood","red","16","1950s Suburban Mystery","red_16_suburban-mystery.webp","1950s suburban mystery illustration: a young girl in a bright red Sunday coat walks the sidewalk of a pastel suburban block past identical split-level homes with manicured lawns. A man in a crisp white milkman uniform watches from a porch, smile too wide, eyes too sharp. Picket fences, Pleasantville palette with sinister undercurrent, Blue Velvet color logic. Square frame.","fantasy, futuristic, magical, text","1:1","A girl in a red Sunday coat walks two suburban blocks to grandmother's split-level. The wolf is the milkman — who hasn't been the milkman for some time."
"Little Red Riding Hood","red","17","Cold War Spy","red_17_cold-war-spy.webp","Cold war espionage illustration: Operative Red, a young woman in a crimson wool coat, crosses Checkpoint Charlie carrying a paper-wrapped box of cakes (microfilm inside). A wolf-handler in a grey trench coat — wearing what appears to be grandmother's tweed coat — waits across the line under sodium-lamp fog. Le Carré atmosphere, muted greys and amber. Square frame.","modern technology, fantasy, color saturation, text","1:1","Operative Red crosses a Berlin checkpoint in a crimson coat with cakes-shaped microfilm. A wolf-handler wears grandmother's coat."
"Little Red Riding Hood","red","18","True Crime Doc","red_18_true-crime.webp","True crime documentary still: VHS camcorder-grain forest CCTV showing a young woman in a red cloak from behind, walking toward distant trees. A second frame shows a cottage doorframe with a wolf tooth embedded in the wood, photo-stamped EXHIBIT 7. A detective talking head explains the case. Low-light, blue-and-yellow evidence palette, timestamp burn-in, 1990s docu-realism. Square frame.","glossy, fantasy, vibrant, text","1:1","Re-enactment grain: girl in red last seen on woodland CCTV. The wolf left a tooth in the doorframe. Grandmother's body was never recovered."
"Little Red Riding Hood","red","19","Courtroom Drama","red_19_courtroom.webp","Courtroom drama oil-painting illustration: a young woman in a modest red coat sits in the witness box, taking an oath. The anthropomorphic wolf defendant in a sharp suit sits at the defense table, head bowed. A pair of round spectacles labeled EXHIBIT A on the evidence rail. Mahogany, brass rails, judicial gravitas, oil-painting realism. Square frame.","modern casual, cartoon, sci-fi, text","1:1","The Wolf stands trial for impersonation, identity theft, and aggravated grandmotherhood. The girl in red, sole witness, takes the stand."
"Little Red Riding Hood","red","20","Romance","red_20_romance.webp","Romance novel cover illustration: a young woman in a flowing red riding cloak is approached on a sun-dappled forest path by a tall handsome stranger in dark riding leathers with wolfish gray eyes. In the distance, a thatched cottage with smoke and a kind-faced grandmother smiling at the door. Soft focus, golden-hour light, longing glance, Pre-Raphaelite sensibility. Square frame.","horror, threatening, dark, text","1:1","A young woman in a red riding cloak is charmed by a stranger on the path. Grandmother, at the cottage, simply pours three cups."
"Little Red Riding Hood","red","21","Heist","red_21_heist.webp","Heist movie poster illustration: a young cat-burglar in a red catsuit and hood scales the wall of a Beaux-Arts mansion, blueprint overlay visible in the corner showing the vault. A rival thief in wolf-gray tactical gear has already dropped through the skylight, prying open a velvet-lined case containing a family heirloom. Ocean's Eleven palette. Square frame.","rustic, primitive, fantasy creatures, text","1:1","A cat-burglar in red infiltrates grandmother's mansion-vault for an heirloom. A rival thief in wolf-gray got there first."
"Little Red Riding Hood","red","22","Detective Mystery","red_22_detective.webp","Detective mystery illustration: a teenage girl in a red coat, magnifying glass in hand, examines a footprint at the threshold of a mist-bound cottage. A clue board behind her shows photos and red string. A wolf in a striped prison jumpsuit is glimpsed in an inset panel insisting on his innocence. Foggy sepia palette, Holmesian atmosphere. Square frame.","cheerful, romantic, bright, text","1:1","A teen sleuth in red follows clues through misty woods. Grandmother is missing. The wolf insists he is innocent from behind bars."
"Little Red Riding Hood","red","23","Survival / Wilderness","red_23_survival.webp","Wilderness survival illustration: a young woman in a bright red parka treks an alpine pass through chest-deep snow toward a remote log cabin with a cold chimney in the distance. A timber wolf pack tracks her from a ridgeline, breath crystallizing. Frozen river below, bleak whites and steel blues, The Revenant atmosphere. Square frame.","tropical, urban, comfortable, text","1:1","A girl in a red parka treks the alpine pass to grandmother's remote cabin. A timber wolf pack tracks her; the chimney has been cold for hours."
"Little Red Riding Hood","red","24","Slapstick Cartoon","red_24_slapstick.webp","Tex Avery-style slapstick cartoon: a young girl in a red hood bumbles down a forest path dropping cakes from a basket, eyes wide. A tuxedoed wolf scrambles to put on a frilly cap and oversized wig that keeps flipping off. An anvil falls from a tree branch. Rubber-hose limbs, squash and stretch, primary colors, dust clouds. Square frame.","photorealism, serious, muted, text","1:1","A girl in a red hood bumbles down a path dropping cakes. A tuxedoed wolf disguises in a wig that keeps falling off. Anvils ensue."
"Little Red Riding Hood","red","25","Mythic Epic","red_25_mythic-epic.webp","Mythic epic painting: a maiden in sacred crimson robes and bronze laurel circlet crosses a threshold-forest of pillared cypress, an offering bowl in hand. A wolf-spirit, child of a forgotten god, manifests as a translucent giant claiming both the offering and the maiden as fated. Golden-hour Aegean light, fresco-style cracks, Homeric grandeur. Square frame.","modern, mundane, casual, text","1:1","A maiden in sacred crimson crosses the threshold-forest with offerings to a forest crone. A wolf-spirit claims the offering — and the maiden."
"Goldilocks & the Three Bears","goldilocks","01","Original Fairy Tale","goldilocks_01_original.webp","Storybook woodcut illustration: a golden-haired young girl in a blue pinafore sits in the smallest of three nested chairs in a rustic cottage interior. Three bowls of porridge steaming on a wooden table, three differently sized beds visible through a doorway. A father, mother, and baby bear visible through the front window, returning. Hand-painted watercolor, warm sepia, Brothers Grimm sensibility. Square frame.","text, signature, watermark, modern, photorealism","1:1","A golden-haired girl wanders into a cottage with three bowls of porridge, three chairs, three beds. The bears come home."
"Goldilocks & the Three Bears","goldilocks","02","Film Noir","goldilocks_02_noir.webp","Film noir still: a platinum-blonde woman in a fur-trimmed coat sits gingerly in a small armchair in a smoke-stained Art Deco townhouse, holding a coffee cup that steams. A larger chair beside her shows clear damage. Three anthropomorphic bears in fedoras and trench coats are visible through the half-open door, returning early. High-contrast B&W with one red lipstick accent, venetian-blind shadows. Square frame.","color saturation, cheerful, daylight, text","1:1","A platinum blonde breaks into a smoke-stained townhouse — a coffee too hot, a chair that snaps, a bed too soft. Three bears in fedoras get home early."
"Goldilocks & the Three Bears","goldilocks","03","Cosmic Horror","goldilocks_03_cosmic-horror.webp","Eldritch horror illustration: a pale young woman with golden hair like sunlight stands in a non-Euclidean cabin where three bowls, three chairs, three beds sit — and yet a fourth set of each persists at the edges of vision, never quite countable. Three bear-shaped figures with too many limbs approach from the wood. Sickly green and violet palette, Lovecraftian dread. Square frame.","cute, friendly, bright, warm, text","1:1","A pale girl crosses the threshold of a cabin where three of everything sits — yet a fourth chair, fourth bowl, fourth bed wait. The bears are not bears."
"Goldilocks & the Three Bears","goldilocks","04","Gothic Horror","goldilocks_04_gothic.webp","Gothic oil painting: a young blonde governess in mourning dress holds a candelabra in the locked east wing of a fog-bound country estate. Three oil portraits of the Ursine family line the wall — large patriarch in livery, matron in lace, child in sailor suit. Three high-backed chairs sit in front of three cold hearths. Claret reds, bone whites, deep shadows, Bronte sensibility. Square frame.","modern, cartoon, bright, text","1:1","A blonde governess explores the locked east wing of a country estate. Three portraits, three chairs, three cold rooms. The Ursine family does not receive visitors."
"Goldilocks & the Three Bears","goldilocks","05","Steampunk","goldilocks_05_steampunk.webp","Steampunk illustration: a blonde aerial scout in brass goggles and leather flight suit pries open a workshop hatch, revealing three boilers (small, medium, large), three workbenches, three riveted bunks within. Three mechanical anthropomorphic bears with brass joints clank up the path outside, steam venting. Sepia-and-verdigris palette, vintage scientific plate aesthetic. Square frame.","plastic, modern electronics, text","1:1","A golden-haired aerial scout breaks into a brass workshop — three boilers, three benches, three berths. Three mechanical bears clank up the path."
"Goldilocks & the Three Bears","goldilocks","06","Cyberpunk","goldilocks_06_cyberpunk.webp","Cyberpunk concept art: a blonde data-thief with neural jack at her temple sits in the third of three biometric thrones inside a neon-lit private server. Three holographic firewalls flicker, three neural sleep-pods open behind her. The Ursine clan, three chrome-bear bodyguards, boot up alarm protocols on the wall of monitors. Hot pink and electric cyan, Blade Runner palette. Square frame.","natural, daylight, rustic, text","1:1","A blonde data-thief jacks the Ursine family server. Three firewalls, three thrones, three neural sleep-pods. The Ursine clan boots up, fast."
"Goldilocks & the Three Bears","goldilocks","07","Space Opera","goldilocks_07_space-opera.webp","Space opera concept art: a blonde stowaway in a stolen flight suit explores the bridge of an abandoned starship — three pilot chairs facing three command displays, three cryo-pods hissing open behind her. Through the viewport, three anthropomorphic Ursine crew members in EVA suits drift back toward the airlock. Sapphire-and-magenta nebulae, hard sci-fi detail. Square frame.","earth, fantasy creatures, magic, text","1:1","A golden-haired stowaway boards an abandoned starship. Three engine cores, three command chairs, three cryo-pods. The Ursine crew returns from EVA."
"Goldilocks & the Three Bears","goldilocks","08","Western","goldilocks_08_western.webp","Western painted illustration: a blonde drifter in dusty trail clothes peers into a one-room frontier cabin — three plates of beans, three rocking chairs, three rough-hewn bunks. Through the open door, three anthropomorphic bears of escalating size in dusters and bandanas rein up their horses, hands near their holsters. Ochre and rust palette, John Ford framing. Square frame.","futuristic, urban, neon, text","1:1","A blonde drifter slips into a cabin on the bear-country trail. Three plates of beans, three rocking chairs, three bunks. The Bear gang reins up."
"Goldilocks & the Three Bears","goldilocks","09","Post-Apocalyptic","goldilocks_09_post-apocalyptic.webp","Post-apocalyptic concept art: a blonde scavenger in scuffed leathers picks through a pre-collapse cottage — three canned goods on a sagging shelf (bloated, edible, perfectly preserved), three broken chairs of varying decay, three rotting mattresses. Three mutant Ursine clan members in salvaged armor approach across cracked earth. Ash-grey sky, Mad Max palette. Square frame.","pristine, optimistic, bright, text","1:1","A blonde scavenger picks through a pre-collapse cottage. Three cans — bloated, edible, perfect. The mutant Ursine clan returns."
"Goldilocks & the Three Bears","goldilocks","10","Dystopian","goldilocks_10_dystopian.webp","Dystopian illustration: Citizen G-7, a young blonde woman in regulation drab, enters unauthorized Unit 3 of a brutalist concrete apartment block. Three identical state-issue porridge containers on a steel table, three regulation chairs, three sleep-modules in alcoves. Three uniformed Ursine compliance officers march down the corridor outside. Monochrome with crimson banner accents, 1984 atmosphere. Square frame.","ruined, post-apocalyptic, warm, free, text","1:1","Citizen G-7 enters Unit 3 unauthorized. State porridge, regulation chairs, sleep-modules — three of each. The Ursine compliance officers return."
"Goldilocks & the Three Bears","goldilocks","11","Solarpunk","goldilocks_11_solarpunk.webp","Solarpunk illustration: a young blonde traveler sits cross-legged at a woven mat in a forest hearth-home, accepting a bowl of bramble-stew from three anthropomorphic bear-folk in linen tunics — Papa, Mama, and a smaller bear. Three woven chairs, three nests of moss and feathers, golden vine-light through windows. Lush green and terracotta palette, Ghibli sensibility, communal warmth. Square frame.","industrial, dystopian, hostile, text","1:1","A blonde traveler accepts hospitality at a forest hearth where three bear-folk live. Three bowls of bramble-stew, three woven chairs, three nests."
"Goldilocks & the Three Bears","goldilocks","12","High Fantasy","goldilocks_12_high-fantasy.webp","High fantasy book cover illustration: a young blonde apprentice in adventurer's leather pries open the door of a moss-covered druidic cottage. Three carved oaken thrones around a hearth, three goblets of glowing mead, three furred sleeping mats. Three were-bear druids in antlered helms approach through the standing stones outside. Jewel tones, runic glyphs on the doorframe. Square frame.","modern, technology, urban, text","1:1","A blonde apprentice trespasses in the cottage of three were-bear druids. Three goblets of mead, three oaken thrones, three furred sleeping mats."
"Goldilocks & the Three Bears","goldilocks","13","Anime","goldilocks_13_anime.webp","Anime cel-shaded illustration: a genki blonde transfer student in a school uniform peeks into a traditional Japanese tatami room — three onigiri on a low table, three zabuton cushions, three futons rolled in the corner. The Ursine family of three anthropomorphic bears in casual yukata stand in the doorway, deeply confused. Big eyes, vibrant cel-shading, cherry blossom accents. Square frame.","photorealism, western comic, dull, text","1:1","A genki blonde transfer student stumbles into a bear-clan household. Three onigiri, three zabuton, three futons. The Ursine family returns, deeply confused."
"Goldilocks & the Three Bears","goldilocks","14","Superhero Comic","goldilocks_14_superhero.webp","Superhero comic splash page: Goldie, blonde teen sidekick in golden combat armor, kicks open the door of a hidden lair. Three high-tech thrones glow inside, three glowing power-tonic vials, three regen-bed sarcophagi. The Ursine Bears, B-list villains in matching armored suits, are mid-monologue and turn in shock. Halftone dots, bold primaries, Lee-style inking. Square frame.","photorealism, soft, muted, text","1:1","Goldie, teen sidekick, infiltrates the Ursine Bears' safehouse — three thrones, three power-tonics, three regen-beds. The Bears return mid-monologue."
"Goldilocks & the Three Bears","goldilocks","15","Silent Film","goldilocks_15_silent-film.webp","Silent film still: a blonde girl in oversized curls mugs at the camera while sampling three bowls of porridge on a checkered tablecloth, then three chairs (one collapsing in slapstick), then three beds. Three anthropomorphic bears in matching nightcaps enter the front door at the moment of climax, throwing hands up in mock horror. Sepia high-contrast, iris vignette. Square frame.","color, modern, photorealism, text","1:1","Iris on blonde curls. Three bowls, three chairs, three beds, mugging at each. Three bears enter, throw hands up in mock-horror."
"Goldilocks & the Three Bears","goldilocks","16","1950s Suburban Mystery","goldilocks_16_suburban-mystery.webp","1950s suburban mystery illustration: a smiling blonde new neighbor in a pearl-buttoned cardigan lets herself into a pastel ranch home. Three Pyrex casseroles still warm on the counter, three velveteen recliners still indented, three bedrooms visible through doorways that look just slightly too immaculate. Picket fences out the window. Blue Velvet color logic, sinister undercurrent. Square frame.","fantasy, futuristic, magical, text","1:1","A blonde new neighbor lets herself into the Ursines' ranch home. Casseroles still warm. Recliners still indented. The bedrooms — too perfect."
"Goldilocks & the Three Bears","goldilocks","17","Cold War Spy","goldilocks_17_cold-war-spy.webp","Cold war espionage illustration: Agent Goldenrod, a blonde woman in a slim grey coat, picks a lock on a safehouse door in an East Berlin tenement. Inside: three espressos cooling, three reading chairs facing three trench coats on hooks, three radios tuned to numbers stations. Three anthropomorphic Ursine cell-members in dead-drop attire return through the courtyard. Muted greys, amber sodium light. Square frame.","modern technology, fantasy, text","1:1","Agent Goldenrod breaches the Ursine safehouse in East Berlin. Three espressos cooling, three reading chairs, three trench coats. The cell returns from a dead drop."
"Goldilocks & the Three Bears","goldilocks","18","True Crime Doc","goldilocks_18_true-crime.webp","True crime documentary still: VHS-grain reenactment of a blonde teen entering a suburban Ursine residence — three bowls of porridge half-eaten on a kitchen table (closeup), a Goldilocks-sized chair broken on the carpet, a child's bed clearly indented. A detective voice-over notes there were no other signs of entry. Low-light, blue-and-yellow evidence palette, timestamp burn-in. Square frame.","glossy, fantasy, vibrant, text","1:1","Camcorder reenactment: a blonde teen entered the Ursine residence. Porridge half-eaten, chair broken, bed indented. No other signs of entry."
"Goldilocks & the Three Bears","goldilocks","19","Courtroom Drama","goldilocks_19_courtroom.webp","Courtroom drama oil-painting illustration: a young blonde woman, the defendant, sits at a polished defense table beside her lawyer. Three anthropomorphic bear plaintiffs of escalating size sit at the plaintiff's table — Papa Bear in a banker's suit, Mama in a respectable blouse, Baby in a sailor outfit. Three photographic exhibits on easels: porridge bowl, broken chair, indented bed. Mahogany, brass rails, judicial gravitas. Square frame.","modern casual, cartoon, sci-fi, text","1:1","The Bear family v. Goldilocks: trespass, vandalism, consumption of porridge. Three witnesses. The defendant takes the stand."
"Goldilocks & the Three Bears","goldilocks","20","Romance","goldilocks_20_romance.webp","Romance novel cover illustration: a young blonde botanist in a rain-soaked dress dries by a hearth in a remote forest home. Three anthropomorphic bear-shifters return through the front door — a broad-shouldered Papa, a graceful Mama, and a younger bear in a flannel shirt whose gaze locks immediately with hers. Soft focus, candlelight, rose-gold and ivory palette, longing glance. Square frame.","horror, threatening, text","1:1","A blonde botanist seeks shelter from a storm in a forest home. Three bear-shifters return — Papa, Mama, and the youngest, who cannot look away."
"Goldilocks & the Three Bears","goldilocks","21","Heist","goldilocks_21_heist.webp","Heist movie poster illustration: a blonde infiltrator in tactical gear lowers herself by cable into a vault with three security tiers — porridge-warm motion sensors, chair-pressure plates, bed-weight scanners. A schematic blueprint overlay shows her timing. Three anthropomorphic Ursine cartel members enter early on the security monitor in the corner. Ocean's Eleven palette, neon vault interior. Square frame.","rustic, primitive, fantasy creatures, text","1:1","A blonde infiltrator cases the Ursine vault. Three security tiers — porridge-warm, chair-test, bed-pressure. The Bear cartel returns six minutes early."
"Goldilocks & the Three Bears","goldilocks","22","Detective Mystery","goldilocks_22_detective.webp","Detective mystery illustration: a teenage blonde sleuth with a magnifying glass investigates the abandoned Ursine cabin. Three meals visibly interrupted mid-bite on a table, three chairs of varying intactness (small one broken cleanly), three beds with one indented. Red string connects clues on a corkboard behind her. Foggy sepia palette, Holmesian atmosphere. Square frame.","cheerful, romantic, bright, text","1:1","A teen sleuth investigates the abandoned Ursine cabin. Three meals interrupted. Three chairs of varying intactness. Who left first — and who never left?"
"Goldilocks & the Three Bears","goldilocks","23","Survival / Wilderness","goldilocks_23_survival.webp","Wilderness survival illustration: a blonde hiker in a torn parka, frostbitten, shelters in a remote log cabin and eats from a small bowl of moose stew. Three escalating bowls on the table, three log chairs around a stove, three furs piled on rough bunks. Outside, a black bear, a brown bear, and a grizzly approach down the trail through the snow. Steel blues, bleak whites. Square frame.","tropical, urban, comfortable, text","1:1","A blonde hiker, frostbitten, shelters in a remote cabin. Three bowls of moose stew, three log chairs, three furs. A black, a brown, a grizzly approach the trail."
"Goldilocks & the Three Bears","goldilocks","24","Slapstick Cartoon","goldilocks_24_slapstick.webp","Tex Avery-style slapstick cartoon: a blonde girl in pigtails bounces into a tiny cottage. Three porridge bowls catch fire at her touch, three chairs explode in sequence, three beds launch her through the thatched roof. Three anthropomorphic bears in matching striped nightcaps blink in unison at the chaos. Rubber-hose limbs, squash and stretch, primary colors. Square frame.","photorealism, serious, muted, text","1:1","A blonde girl in pigtails bounces into a cottage. Three bowls catch fire, three chairs explode, three beds launch her through the roof. Three bears in nightcaps blink."
"Goldilocks & the Three Bears","goldilocks","25","Mythic Epic","goldilocks_25_mythic-epic.webp","Mythic epic painting: a golden-haired maiden in a chiton trespasses in a moonlit grove-shrine of three carved-stone altars, three thrones of polished granite, three biers piled with laurel. Three bear-spirits in armor of constellation-bronze descend from the mountain on shafts of light, eyes ancient and unamused. Aegean light, fresco-style cracks, Homeric grandeur. Square frame.","modern, mundane, text","1:1","A golden-haired maiden trespasses in the grove-shrine of three bear-spirits. Three altars, three thrones of carved stone, three biers. The bear-spirits descend with thunder."
"Cinderella","cinderella","01","Original Fairy Tale","cinderella_01_original.webp","Storybook woodcut illustration: a young woman in patched servant's rags kneels by a hearth full of ash. Her fairy godmother, a kindly woman in star-spangled robes, raises a wand; a pumpkin transforms into a coach beside them. A single glass slipper rests on the cobbles in the foreground; midnight bells chime in the distance. Hand-painted watercolor, warm sepia, Brothers Grimm sensibility. Square frame.","text, signature, watermark, modern, photorealism","1:1","A scullery maid is transformed by her fairy godmother. She loses a glass slipper at the prince's ball at midnight."
"Cinderella","cinderella","02","Film Noir","cinderella_02_noir.webp","Film noir still: a young hatcheck girl in a beaded gala dress dances at a smoky jazz club; a chain-smoking older woman in a sequined turban, her godmother-figure, watches from a corner booth, glass in hand. On a backstage stair sits a single glass high heel as the clock strikes twelve. High-contrast B&W with the dress as single color accent, venetian-blind shadows. Square frame.","color saturation, cheerful, daylight, text","1:1","A jazz-club hatcheck girl is transformed for one night by a chain-smoking godmother. She loses a glass heel as the clock strikes twelve."
"Cinderella","cinderella","03","Cosmic Horror","cinderella_03_cosmic-horror.webp","Eldritch horror illustration: a ragged servant girl stands transformed in robes of slow-shifting geometry under the gaze of a many-eyed entity claiming to be her godmother. A pumpkin-shaped thing pulses nearby, alive. A slipper of carved bone-glass rests on a porch step at midnight. Sickly green and violet palette, non-Euclidean dread. Square frame.","cute, friendly, bright, warm, text","1:1","A ragged servant girl is transformed by an entity that called itself her godmother. She leaves behind a slipper of bone-glass."
"Cinderella","cinderella","04","Gothic Horror","cinderella_04_gothic.webp","Gothic oil painting: a young woman in a faded grey shift is granted one night of finery by a veiled benefactor in a crumbling manor cellar. A glass slipper rests on the carved staircase as a clock strikes midnight; candelabras flicker above. Claret reds, bone whites, deep shadows. Square frame.","modern, cartoon, bright, text","1:1","An orphan kept in a manor cellar is granted one night of liberty by a veiled benefactor. A glass slipper is left on the stairs at twelve."
"Cinderella","cinderella","05","Steampunk","cinderella_05_steampunk.webp","Steampunk illustration: a workshop drudge in a brass corset and pressure-fitted clockwork gown stands beside an inventor godmother adjusting her gauges. A pneumatic coach idles outside, gauges dropping; a single glass-and-copper boot has detached, lying on a cobble. Sepia and verdigris palette, exposed gears. Square frame.","plastic, modern electronics, text","1:1","A workshop drudge is fitted with brass corset and clockwork gown. Her glass-and-copper boot detaches when the pneumatic carriage runs out of pressure."
"Cinderella","cinderella","06","Cyberpunk","cinderella_06_cyberpunk.webp","Cyberpunk concept art: a young wage-slave receives a body-mod transformation in a back-alley clinic — chrome circulatory implants visible under glowing skin. She steps onto a corporate gala carpet at 23:59:30; one chrome-glass slipper jacks loose as her loaner skin de-renders at 00:00. Hot pink and electric cyan, holographic ad-glow. Square frame.","natural, daylight, rustic, text","1:1","A back-alley body-mod tech transforms a wage-slave for one corporate gala. The chrome-glass slipper jacks out at 00:00."
"Cinderella","cinderella","07","Space Opera","cinderella_07_space-opera.webp","Space opera concept art: a young engine-room scrubber stands transformed in a princess-class envirosuit aboard a sleek flagship, granted by a rogue AI godmother projected as a hologram. A single crystal envirosuit boot left near the airlock as countdown reaches zero. Sapphire-and-magenta nebulae through viewport. Square frame.","earth, fantasy creatures, magic, text","1:1","A starship engine-room scrubber is given a princess-class kit by a rogue AI godmother. Her crystal envirosuit boot is left aboard the prince's flagship."
"Cinderella","cinderella","08","Western","cinderella_08_western.webp","Western painted illustration: a homestead daughter in a borrowed saloon-night dress dances at a territorial governor's ball; a card-sharp older woman in a velvet dress and pistol garter watches from a corner. A single glass-heeled boot rests on the warped wooden steps outside as midnight passes. Ochre and rust palette. Square frame.","futuristic, urban, neon, text","1:1","A homestead daughter is gifted a saloon-night dress by a card-sharp godmother. A glass-heeled boot stays at the territorial governor's ball."
"Cinderella","cinderella","09","Post-Apocalyptic","cinderella_09_post-apocalyptic.webp","Post-apocalyptic concept art: a ruined-city scavenger in scavenged finery — sequined dress over patched leathers — stands in a warlord's stronghold lit by oil drums. A wasteland witch godmother in skull-paint smokes a hand-rolled cigarette in the doorway. A scuffed glass shard tied to her foot with wire drops on the threshold at midnight. Ash-grey sky, rust palette. Square frame.","pristine, optimistic, bright, text","1:1","A ruined-city scavenger is gifted scavenged finery by a wasteland witch. A scuffed glass shard tied to her foot drops in the warlord's stronghold at midnight."
"Cinderella","cinderella","10","Dystopian","cinderella_10_dystopian.webp","Dystopian propaganda-poster illustration: Citizen C-12, drudge-tier, stands illicitly elevated in a regulation gala gown at the Prince Bureau's annual selection event under harsh fluorescent light. A state identifier-slipper of glass-coded crystal falls from her foot as the bureau clock strikes 00:00. Monochrome with crimson accents, 1984 atmosphere. Square frame.","ruined, post-apocalyptic, warm, free, text","1:1","Citizen C-12, drudge-tier, is illicitly elevated. The state's identifier-slipper, glass-coded, falls at the Prince Bureau's annual selection gala."
"Cinderella","cinderella","11","Solarpunk","cinderella_11_solarpunk.webp","Solarpunk illustration: a young communal-farm orphan stands in hand-loomed finery of green silk and gold leaf, gifted by an elder weaver godmother. A bio-glass slipper grown from quartz-cultured roots rests on the woven floor of a great-hall consensus festival at moonset. Lush green and terracotta palette, communal warmth. Square frame.","industrial, dystopian, hostile, text","1:1","A communal-farm orphan is gifted hand-loomed finery by an elder. A bio-glass slipper is left in the great-hall during the consensus festival at moonset."
"Cinderella","cinderella","12","High Fantasy","cinderella_12_high-fantasy.webp","High fantasy book cover illustration: a young scullery maid stands transformed in a royal-blue gown with golden thread, crystal slippers shimmering, beside a fae godmother in star-pattern robes. A grand ballroom looms ahead; pumpkin-coach waits. A single crystal slipper rests on the marble at the witching hour. Jewel tones. Square frame.","modern, technology, urban, text","1:1","A scullery girl is gifted gown and crystal slippers by a fae godmother. At the royal court ball, the spell unravels at the witching hour."
"Cinderella","cinderella","13","Anime","cinderella_13_anime.webp","Anime cel-shaded illustration: a bullied high schooler in a battered uniform is transformed by a magical talking pumpkin senpai into a shimmering kimono-gown. She dances on a school festival stage with the student council president (the prince). A single glass loafer lies on the stage as fireworks bloom at midnight. Cherry blossom accents, dynamic cel-shading. Square frame.","photorealism, western comic, dull, text","1:1","A bullied high schooler is transformed by a magical-talking-pumpkin senpai. A glass loafer left on the festival stage; the prince is the student council president."
"Cinderella","cinderella","14","Superhero Comic","cinderella_14_superhero.webp","Superhero comic splash page: plain-clothes Ella, abused ward, is transformed by a hero-mentor godmother in a high-collar mantle — her gown is now armored, her Glass Slipper a signal-device. She dances with Prince Charming, secretly a vigilante in formal wear. The Glass Slipper falls from her foot as the gala clock strikes twelve, transmitter blinking. Halftone dots, bold primaries. Square frame.","photorealism, soft, muted, text","1:1","Plain-clothes Ella, abused ward, gets powers and a gown from a hero-mentor. The Glass Slipper signal-device falls at the gala. Prince Charming is a secret hero."
"Cinderella","cinderella","15","Silent Film","cinderella_15_silent-film.webp","Silent film still: iris on a weeping girl by a hearth in ragged dress. Iris widens: godmother waves a wand, mice scurry, a pumpkin coach appears. Iris on dance with a top-hatted prince. Clock strikes; iris closes on a single glass slipper on cobbles. Sepia high-contrast, slapstick mugging, 1920s. Square frame.","color, modern, photorealism, text","1:1","Iris on weeping girl by hearth. Godmother waves wand. Iris on dance with prince. Clock strikes. Iris on lone glass slipper."
"Cinderella","cinderella","16","1950s Suburban Mystery","cinderella_16_suburban-mystery.webp","1950s suburban mystery illustration: a young blonde babysitter in a borrowed pink chiffon dress dances at the Charming family Country Club gala. A single glass pump rests on the manicured lawn at the curb as the babysitter slips into the night. The polite suburb's mask cracks behind her — neighbors watching from picture windows. Pastel palette with sinister undercurrent. Square frame.","fantasy, futuristic, magical, text","1:1","A blonde teen babysits for the wealthy Charmings across town. After the Country Club gala, her glass pump is found — and the polite suburb stops being polite."
"Cinderella","cinderella","17","Cold War Spy","cinderella_17_cold-war-spy.webp","Cold war espionage illustration: Asset Cinder, a young woman in a sleek embassy-ball gown, is briefed by an older handler-godmother in a wood-paneled safehouse. She slips a listening-device glass-heel onto her foot. At midnight at the prince-handler's residence, the glass heel lies on a parquet floor under a chandelier. Muted greys and amber. Square frame.","modern technology, fantasy, text","1:1","Asset Cinder is given a gown and dossier for one embassy ball. Her glass heel — listening-device — left at the prince-handler's residence at midnight."
"Cinderella","cinderella","18","True Crime Doc","cinderella_18_true-crime.webp","True crime documentary still: VHS-grain reenactment of a tense stepmother (severe bun, gold cross) and two stepsisters at a 1990s gala; the protagonist disappears into the night. A glass slipper in an evidence bag sits on a cold case board with crime scene photos. Detective talking head. Low-light, blue-and-yellow evidence palette, timestamp burn-in. Square frame.","glossy, fantasy, vibrant, text","1:1","Camcorder reenactment: the stepmother, the stepsisters, the disappearance after the gala. The glass slipper, in evidence-bag, returns again to the cold case board."
"Cinderella","cinderella","19","Courtroom Drama","cinderella_19_courtroom.webp","Courtroom drama oil-painting illustration: a young woman in a modest dress sits at the plaintiff's table while a stern stepmother in widow's black sits at the defense table. The prince in a charcoal suit takes the witness stand. A glass slipper in a clear evidence case rests on the rail labeled EXHIBIT A. Mahogany, brass, judicial gravitas. Square frame.","modern casual, cartoon, sci-fi, text","1:1","Cinderella v. Estate of her late father: a will contested, a stepmother's claim, the prince as character witness. A glass slipper, Exhibit A."
"Cinderella","cinderella","20","Romance","cinderella_20_romance.webp","Romance novel cover illustration: a weary young woman in a borrowed champagne-gold gown dances on a marble veranda with a strikingly handsome stranger in a tailored suit. A single glass slipper lies on the staircase as a midnight chime sounds. Soft focus, candlelight, rose-gold and ivory, longing glance, Pre-Raphaelite sensibility. Square frame.","horror, threatening, text","1:1","A weary working girl is transformed for one night. She dances with a stranger who turns out to be a prince — and at midnight, only her slipper remains."
"Cinderella","cinderella","21","Heist","cinderella_21_heist.webp","Heist movie poster illustration: an ensemble crew — a scullery-coded infiltrator in a gown, a godmother-coded fixer with safe-cracking tools, two mice-coded burglars in cargo gear — pose against a blueprint of the prince's vault that only opens at midnight. A single glass slipper rests on the vault threshold as the timer hits 00:00. Ocean's Eleven palette. Square frame.","rustic, primitive, fantasy creatures, text","1:1","Crew: scullery infiltrator, godmother fixer, mice burglars. The mark: the prince's vault, opened only at midnight. Signature: a single glass slipper."
"Cinderella","cinderella","22","Detective Mystery","cinderella_22_detective.webp","Detective mystery illustration: a hard-boiled detective in a long coat examines a single glass slipper on a marble palace step. In the inset: a stern stepmother, two stepsisters, an ash-stained hearth where a girl once knelt. A clue board of red string and photographs behind him. Foggy sepia palette, Holmesian atmosphere. Square frame.","cheerful, romantic, bright, text","1:1","After a gala, a glass slipper is found on the palace steps. A detective traces it through stepmothers, ash-stained hearths, and a missing girl."
"Cinderella","cinderella","23","Survival / Wilderness","cinderella_23_survival.webp","Wilderness survival illustration: a young exiled woman trapped in mountain servitude is granted one warm night by a hermit godmother in a fur-lined hut. She climbs an alpine pass to a candlelit chalet in furs and a single glass climbing-cleat strapped to one boot, which she leaves on the threshold as a storm breaks. Steel blues, bleak whites. Square frame.","tropical, urban, comfortable, text","1:1","An exiled girl trapped in mountain servitude is granted a single warm night by a hermit godmother. A glass climbing-cleat is left at the prince's chalet."
"Cinderella","cinderella","24","Slapstick Cartoon","cinderella_24_slapstick.webp","Tex Avery-style slapstick cartoon: a scrubbing girl is whacked flat by a fairy godmother's oversized wand and pops back up in a ballgown. Mice scurry, transform into a coach that immediately falls apart. A glass slipper bounces down a flight of stairs, repeatedly refusing to fit nine garish oversized stepfeet. Rubber-hose limbs, primary colors. Square frame.","photorealism, serious, muted, text","1:1","A scrubbing girl is whacked into a ballgown. Mice become a coach that breaks. A glass slipper bounces and refuses to fit nine ugly stepfeet."
"Cinderella","cinderella","25","Mythic Epic","cinderella_25_mythic-epic.webp","Mythic epic painting: a girl of hearth-ash, secretly daughter of a vanished king, is granted one night among the living by an underworld goddess robed in pomegranate-red. She dances with the dawn-king in a marble hall under a moon-disc. A glass sandal rests on the threshold as the first light of dawn breaks. Golden Aegean light, fresco-style. Square frame.","modern, mundane, text","1:1","A girl of hearth-ash, daughter of a vanished king, is gifted one night by an underworld goddess. She leaves a glass sandal at the dawn-king's threshold."
