story_id,genre_id,genre,filename,prompt
pigs,01,Original Fairy Tale,pigs_01_original.webp,"Storybook woodcut illustration with warm watercolor wash, sepia and forest-green, classic Brothers Grimm engraving warmth: three anthropomorphic little pig brothers standing before their three houses arranged left to right -- a straw hut, a stick house, and a sturdy brick house -- while a big anthropomorphic wolf looms beside the brick house, mid-huff, about to blow, under a twilight forest sky. Square 1:1 frame. Anthropomorphic pigs and wolf (upright, clothed), not real animals and not humans. Avoid: text, watermarks, gore."
pigs,02,Film Noir,pigs_02_noir.webp,"High-contrast black-and-white film-noir still, venetian-blind shadows and rain, a single red accent, 1940s pulp menace: three anthropomorphic little pig brothers standing before their three houses arranged left to right -- a straw hut, a stick house, and a sturdy brick house -- while a big anthropomorphic wolf looms beside the brick house, mid-huff, about to blow, on a wet city backlot at night, the wolf in a fedora and trench coat. Square 1:1 frame. Anthropomorphic pigs and wolf (upright, clothed), not real animals and not humans. Avoid: text, watermarks, gore."
pigs,03,Cosmic Horror,pigs_03_cosmic-horror.webp,"Eldritch cosmic-horror illustration, sickly greens and violet nebulae, Lovecraftian dread, non-Euclidean angles: three anthropomorphic little pig brothers standing before their three houses arranged left to right -- a straw hut, a stick house, and a sturdy brick house -- while a big anthropomorphic wolf looms beside the brick house, mid-huff, about to blow rendered as three shrines, the wolf an enormous silhouette of negative space with too many teeth. Square 1:1 frame. Anthropomorphic pigs and wolf (upright, clothed), not real animals and not humans. Avoid: text, watermarks, gore."
pigs,04,Gothic Horror,pigs_04_gothic.webp,"Gothic oil painting, claret and bone palette, candlelight and fog, Goya-meets-Bronte dread: three anthropomorphic little pig brothers standing before their three houses arranged left to right -- a straw hut, a stick house, and a sturdy brick house -- while a big anthropomorphic wolf looms beside the brick house, mid-huff, about to blow on a fog-bound moor, the wolf a black shape with glowing eyes. Square 1:1 frame. Anthropomorphic pigs and wolf (upright, clothed), not real animals and not humans. Avoid: text, watermarks, gore."
pigs,05,Steampunk,pigs_05_steampunk.webp,"Steampunk illustration plate, sepia and verdigris, brass gears and pressure gauges, vintage scientific-plate look: three anthropomorphic little pig brothers standing before their three houses arranged left to right -- a straw hut, a stick house, and a sturdy brick house -- while a big anthropomorphic wolf looms beside the brick house, mid-huff, about to blow as brass-and-timber workshops, the wolf an engineer piloting a small airship overhead. Square 1:1 frame. Anthropomorphic pigs and wolf (upright, clothed), not real animals and not humans. Avoid: text, watermarks, gore."
pigs,06,Cyberpunk,pigs_06_cyberpunk.webp,"Cyberpunk concept art, rain-wet neon, hot pink and electric cyan, Blade Runner glow: three anthropomorphic little pig brothers standing before their three houses arranged left to right -- a straw hut, a stick house, and a sturdy brick house -- while a big anthropomorphic wolf looms beside the brick house, mid-huff, about to blow as neon-lit hab-units, the wolf a hooded netrunner with a glowing visor. Square 1:1 frame. Anthropomorphic pigs and wolf (upright, clothed), not real animals and not humans. Avoid: text, watermarks, gore."
pigs,07,Space Opera,pigs_07_space-opera.webp,"Space-opera concept art, sapphire and magenta nebulae, hard sci-fi detail, lens flare: three anthropomorphic little pig brothers standing before their three houses arranged left to right -- a straw hut, a stick house, and a sturdy brick house -- while a big anthropomorphic wolf looms beside the brick house, mid-huff, about to blow as escalating habitat domes on a frontier moon, the wolf a warship hanging in low orbit. Square 1:1 frame. Anthropomorphic pigs and wolf (upright, clothed), not real animals and not humans. Avoid: text, watermarks, gore."
pigs,08,Western,pigs_08_western.webp,"Spaghetti-western painted illustration, sun-baked amber and dust, long shadows at sundown: three anthropomorphic little pig brothers standing before their three houses arranged left to right -- a straw hut, a stick house, and a sturdy brick house -- while a big anthropomorphic wolf looms beside the brick house, mid-huff, about to blow as frontier claims -- tent, shack, stone homestead, the wolf a black-hatted drifter. Square 1:1 frame. Anthropomorphic pigs and wolf (upright, clothed), not real animals and not humans. Avoid: text, watermarks, gore."
pigs,09,Post-Apocalyptic,pigs_09_post-apocalyptic.webp,"Bleak post-apocalyptic painting, ash-grey palette, rusted metal and wind-blown dust: three anthropomorphic little pig brothers standing before their three houses arranged left to right -- a straw hut, a stick house, and a sturdy brick house -- while a big anthropomorphic wolf looms beside the brick house, mid-huff, about to blow built of plastic, scrap metal, and concrete, the wolf a war machine on the horizon. Square 1:1 frame. Anthropomorphic pigs and wolf (upright, clothed), not real animals and not humans. Avoid: text, watermarks, gore."
pigs,10,Dystopian,pigs_10_dystopian.webp,"Cold dystopian propaganda-poster style, stark institutional palette, surveillance apertures blinking amber: three anthropomorphic little pig brothers standing before their three houses arranged left to right -- a straw hut, a stick house, and a sturdy brick house -- while a big anthropomorphic wolf looms beside the brick house, mid-huff, about to blow as regulation state dwellings, the wolf a uniformed inspector. Square 1:1 frame. Anthropomorphic pigs and wolf (upright, clothed), not real animals and not humans. Avoid: text, watermarks, gore."
pigs,11,Solarpunk,pigs_11_solarpunk.webp,"Solarpunk illustration, warm greens and honey light, living-willow and mycelium, eco-futuristic optimism: three anthropomorphic little pig brothers standing before their three houses arranged left to right -- a straw hut, a stick house, and a sturdy brick house -- while a big anthropomorphic wolf looms beside the brick house, mid-huff, about to blow as thatch, mycelium, and living-masonry homes, the reformed wolf arriving peacefully with tea. Square 1:1 frame. Anthropomorphic pigs and wolf (upright, clothed), not real animals and not humans. Avoid: text, watermarks, gore."
pigs,12,High Fantasy,pigs_12_high-fantasy.webp,"Epic high-fantasy oil painting, rich jewel tones, glowing runes, majestic detail: three anthropomorphic little pig brothers standing before their three houses arranged left to right -- a straw hut, a stick house, and a sturdy brick house -- while a big anthropomorphic wolf looms beside the brick house, mid-huff, about to blow as enchanted hay, runed oak, and dwarven brick, the wolf a werewolf knight at the blood moon. Square 1:1 frame. Anthropomorphic pigs and wolf (upright, clothed), not real animals and not humans. Avoid: text, watermarks, gore."
pigs,13,Anime,pigs_13_anime.webp,"Vibrant anime cel style, bold outlines, cherry-blossom light, expressive eyes and speed lines: three anthropomorphic little pig brothers standing before their three houses arranged left to right -- a straw hut, a stick house, and a sturdy brick house -- while a big anthropomorphic wolf looms beside the brick house, mid-huff, about to blow as martial-arts dorms, the wolf a brooding transfer-student rival with a wind technique. Square 1:1 frame. Anthropomorphic pigs and wolf (upright, clothed), not real animals and not humans. Avoid: text, watermarks, gore."
pigs,14,Superhero Comic,pigs_14_superhero.webp,"Bold superhero-comic splash page, halftone dots and action lines, bold primaries: three anthropomorphic little pig brothers standing before their three houses arranged left to right -- a straw hut, a stick house, and a sturdy brick house -- while a big anthropomorphic wolf looms beside the brick house, mid-huff, about to blow as color-coded armored bunkers, the wolf a sonic-lunged supervillain looming over the harbor. Square 1:1 frame. Anthropomorphic pigs and wolf (upright, clothed), not real animals and not humans. Avoid: text, watermarks, gore."
pigs,15,Silent Film,pigs_15_silent-film.webp,"1920s silent-film frame, black and white, film grain, iris vignette, exaggerated pantomime: three anthropomorphic little pig brothers standing before their three houses arranged left to right -- a straw hut, a stick house, and a sturdy brick house -- while a big anthropomorphic wolf looms beside the brick house, mid-huff, about to blow tiny and theatrical, the wolf a mustache-twirling villain in a bowler hat. Square 1:1 frame. Anthropomorphic pigs and wolf (upright, clothed), not real animals and not humans. Avoid: text, watermarks, gore."
pigs,16,1950s Suburban Mystery,pigs_16_suburban-mystery.webp,"1950s retro magazine-ad illustration, pastel mint and buttercup, one wrong shadow, pristine suspense: three anthropomorphic little pig brothers standing before their three houses arranged left to right -- a straw hut, a stick house, and a sturdy brick house -- while a big anthropomorphic wolf looms beside the brick house, mid-huff, about to blow as identical pastel ranch houses on a manicured lane, the wolf a smiling neighbor with too many teeth. Square 1:1 frame. Anthropomorphic pigs and wolf (upright, clothed), not real animals and not humans. Avoid: text, watermarks, gore."
pigs,17,Cold War Spy,pigs_17_cold-war-spy.webp,"Cold War spy-thriller painting, cold grays and greens, divided-Berlin tradecraft, one warm lamp: three anthropomorphic little pig brothers standing before their three houses arranged left to right -- a straw hut, a stick house, and a sturdy brick house -- while a big anthropomorphic wolf looms beside the brick house, mid-huff, about to blow as safehouses in three sectors, the wolf a gray-coated defector. Square 1:1 frame. Anthropomorphic pigs and wolf (upright, clothed), not real animals and not humans. Avoid: text, watermarks, gore."
pigs,18,True Crime Doc,pigs_18_true-crime.webp,"True-crime documentary reconstruction in the grounded journalistic style of In Cold Blood: the ruins of a straw house and a stick house documented as a crime scene beside an intact brick house, numbered yellow evidence markers, a plainclothes detective in a rumpled overcoat taking notes, a surviving pig giving a statement, the wolf questioned matter-of-factly as the suspect. Muted realistic color, natural light, flat factual tone; no horror, no dread. Square 1:1 frame. Anthropomorphic pigs and wolf (upright, clothed), not real animals and not humans. Avoid: text, watermarks, gore."
pigs,19,Courtroom Drama,pigs_19_courtroom.webp,"Courtroom-drama oil painting, wood-paneled courtroom, gaslight sconces, honey-and-oak, high drama: three pig plaintiffs present exhibits -- a bag of straw ash and a box of splinters -- while the wolf sits in the witness box under oath, a scale model of the brick house on the evidence table. Square 1:1 frame. Anthropomorphic pigs and wolf (upright, clothed), not real animals and not humans. Avoid: text, watermarks, gore."
pigs,20,Romance,pigs_20_romance.webp,"Romance-novel-cover illustration, golden-hour glow, wind-blown fabric, painterly swirl: three anthropomorphic little pig brothers standing before their three houses arranged left to right -- a straw hut, a stick house, and a sturdy brick house -- while a big anthropomorphic wolf looms beside the brick house, mid-huff, about to blow in a warm meadow at sunset, the heartbroken wolf arriving as a friend rather than a foe. Square 1:1 frame. Anthropomorphic pigs and wolf (upright, clothed), not real animals and not humans. Avoid: text, watermarks, gore."
pigs,21,Heist,pigs_21_heist.webp,"Heist-film concept art, cool blues, slick lighting, faint red laser grid: three anthropomorphic little pig brothers standing before their three houses arranged left to right -- a straw hut, a stick house, and a sturdy brick house -- while a big anthropomorphic wolf looms beside the brick house, mid-huff, about to blow as three escalating vaults, the wolf a slick inside-man in a gray suit. Square 1:1 frame. Anthropomorphic pigs and wolf (upright, clothed), not real animals and not humans. Avoid: text, watermarks, gore."
pigs,22,Detective Mystery,pigs_22_detective.webp,"Classic detective-mystery illustration, foggy London greys, pipe-smoke and gaslight: three anthropomorphic little pig brothers standing before their three houses arranged left to right -- a straw hut, a stick house, and a sturdy brick house -- while a big anthropomorphic wolf looms beside the brick house, mid-huff, about to blow treated as a case, a pig detective with a magnifying glass, the wolf a shadowy figure with a locket. Square 1:1 frame. Anthropomorphic pigs and wolf (upright, clothed), not real animals and not humans. Avoid: text, watermarks, gore."
pigs,23,Survival Wilderness,pigs_23_survival.webp,"Survival-wilderness painting, snowbound tundra, deep blue night, one warm lantern: three anthropomorphic little pig brothers standing before their three houses arranged left to right -- a straw hut, a stick house, and a sturdy brick house -- while a big anthropomorphic wolf looms beside the brick house, mid-huff, about to blow built of caribou hide, driftwood, and packed snow, a lean timber wolf circling patiently. Square 1:1 frame. Anthropomorphic pigs and wolf (upright, clothed), not real animals and not humans. Avoid: text, watermarks, gore."
pigs,24,Slapstick Cartoon,pigs_24_slapstick.webp,"Frantic 1940s slapstick cartoon, rubber-hose limbs, motion smears, impossible physics: three anthropomorphic little pig brothers standing before their three houses arranged left to right -- a straw hut, a stick house, and a sturdy brick house -- while a big anthropomorphic wolf looms beside the brick house, mid-huff, about to blow as flimsy comedic houses, a tuxedoed wolf inhaling the whole sky to huff. Square 1:1 frame. Anthropomorphic pigs and wolf (upright, clothed), not real animals and not humans. Avoid: text, watermarks, gore."
pigs,25,Mythic Epic,pigs_25_mythic-epic.webp,"Mythic fresco painting, gold leaf, terracotta and lapis, epic solemnity: three anthropomorphic little pig brothers standing before their three houses arranged left to right -- a straw hut, a stick house, and a sturdy brick house -- while a big anthropomorphic wolf looms beside the brick house, mid-huff, about to blow as temples of reed, oak, and quarried marble, the wolf a jealous storm-god descending from the summit. Square 1:1 frame. Anthropomorphic pigs and wolf (upright, clothed), not real animals and not humans. Avoid: text, watermarks, gore."
pigs,26,Science Fiction,pigs_26_science-fiction.webp,"Retro-futuristic science-fiction concept art, chrome and teal, glowing panels, high-tech: three anthropomorphic little pig brothers standing before their three houses arranged left to right -- a straw hut, a stick house, and a sturdy brick house -- while a big anthropomorphic wolf looms beside the brick house, mid-huff, about to blow as polymer, morphing-alloy, and self-repairing nanobrick habitats on an alien world, the wolf a rogue AI core. Square 1:1 frame. Anthropomorphic pigs and wolf (upright, clothed), not real animals and not humans. Avoid: text, watermarks, gore."
pigs,27,Action & Adventure,pigs_27_action-adventure.webp,"Pulp adventure illustration, golden canyon light, dynamic diagonals, matte-painting drama: three anthropomorphic little pig brothers standing before their three houses arranged left to right -- a straw hut, a stick house, and a sturdy brick house -- while a big anthropomorphic wolf looms beside the brick house, mid-huff, about to blow as a sandstone temple, a jungle ruin, and a mountain fortress, the wolf a rival treasure-hunter. Square 1:1 frame. Anthropomorphic pigs and wolf (upright, clothed), not real animals and not humans. Avoid: text, watermarks, gore."
pigs,28,Supernatural Horror,pigs_28_ghost-horror.webp,"Supernatural-horror painting, cold blues and fog, one warm window, spectral dread over gore: three anthropomorphic little pig brothers standing before their three houses arranged left to right -- a straw hut, a stick house, and a sturdy brick house -- while a big anthropomorphic wolf looms beside the brick house, mid-huff, about to blow in fog-bound Dread Hollow, the wolf a translucent glowing spectre rising from the mist. Square 1:1 frame. Anthropomorphic pigs and wolf (upright, clothed), not real animals and not humans. Avoid: text, watermarks, gore."
pigs,29,Biography Memoir,pigs_29_biography.webp,"Quiet literary painting, Wyeth stillness, warm ambers, memoir mood: an elderly pig architect looks over his life's work -- the straw cottage, wooden cabin, and brick mansion -- a critical wolf sharpening him from the shadows. Square 1:1 frame. Anthropomorphic pigs and wolf (upright, clothed), not real animals and not humans. Avoid: text, watermarks, gore."
pigs,30,Historical Fiction,pigs_30_historical-fiction.webp,"Historical-fiction oil painting, 1940s occupied village, muted wartime palette, one shaft of cold daylight: three anthropomorphic little pig brothers standing before their three houses arranged left to right -- a straw hut, a stick house, and a sturdy brick house -- while a big anthropomorphic wolf looms beside the brick house, mid-huff, about to blow as a resistance printing-press, radio station, and safe house, the wolf a cold officer closing in. Square 1:1 frame. Anthropomorphic pigs and wolf (upright, clothed), not real animals and not humans. Avoid: text, watermarks, gore."
pigs,31,Stage Drama,pigs_31_stage-drama.webp,"Theatrical stage-set painting, painted flats, footlight amber, audience silhouettes below: three anthropomorphic little pig brothers standing before their three houses arranged left to right -- a straw hut, a stick house, and a sturdy brick house -- while a big anthropomorphic wolf looms beside the brick house, mid-huff, about to blow staged as three cutaway houses on boards, the wolf making a grand entrance. Square 1:1 frame. Anthropomorphic pigs and wolf (upright, clothed), not real animals and not humans. Avoid: text, watermarks, gore."
pigs,32,Graphic Novel,pigs_32_graphic-novel.webp,"A comic-book page laid out as three or four rectangular panels with clean white gutters and bold black ink borders, halftone-dot shading and bold flat colors: three anthropomorphic pig brothers and their three houses -- a straw hut, a stick house, and a brick house -- with a big anthropomorphic wolf looming and huffing at the brick house, the action broken across the panels. Dynamic vintage comic art. A landscape comic-book page. Anthropomorphic pigs, wolf, and bears upright and clothed where present. Speech balloons and caption boxes with illegible squiggle lettering, not real words. Avoid: photorealism, gore, legible text."
pigs,33,Ergodic,pigs_33_ergodic.webp,"Recovered case-file collage on aged paper: floor-plans of a straw, stick, and brick house annotated in three contradictory hands, black redaction bars, a pig sketched in the margin, a skeletal wolf prowling the marginalia, coffee stains and torn tape. No legible words, no photorealism. Square 1:1 frame. Anthropomorphic pigs and wolf (upright, clothed), not real animals and not humans. Avoid: text, watermarks, gore."
pigs,34,Transgressive,pigs_34_transgressive.webp,"Xeroxed punk-zine illustration, harsh photocopier grain, ripped-paper collage edges, one spray-paint red accent: three squatter pigs defiant before their straw, stick, and brick squats, the wolf a suited landlord with eviction papers. Square 1:1 frame. Anthropomorphic pigs and wolf (upright, clothed), not real animals and not humans. Avoid: text, watermarks, gore."
pigs,35,Climate Fiction,pigs_35_climate-fiction.webp,"Painterly climate-fiction scene, storm-greys and seedling green, elegiac light: three anthropomorphic little pig brothers standing before their three houses arranged left to right -- a straw hut, a stick house, and a sturdy brick house -- while a big anthropomorphic wolf looms beside the brick house, mid-huff, about to blow on a flooding coast -- a salvage shack, a stilt house, and an earthbag dome ringed by mangroves, the wolf the shape of the coming storm. Square 1:1 frame. Anthropomorphic pigs and wolf (upright, clothed), not real animals and not humans. Avoid: text, watermarks, gore."
pigs,36,Slipstream,pigs_36_slipstream.webp,"Quiet surrealist painting, Magritte sensibility, muted dream palette, flat even light, deadpan impossibility: three anthropomorphic little pig brothers standing before their three houses arranged left to right -- a straw hut, a stick house, and a sturdy brick house -- while a big anthropomorphic wolf looms beside the brick house, mid-huff, about to blow where each house casts the wrong shadow and a wolf-shaped patch of weather hangs unremarked overhead. Square 1:1 frame. Anthropomorphic pigs and wolf (upright, clothed), not real animals and not humans. Avoid: text, watermarks, gore."
pigs,37,Bangsian,pigs_37_bangsian.webp,"Warm classical afterlife oil painting, Elysian gold and rose light, gentle wit, academic finish: three pig shades debate architecture over their translucent straw, stick, and brick houses in a cloud-garden, a sheepish wolf spirit at the golden gates. Square 1:1 frame. Anthropomorphic pigs and wolf (upright, clothed), not real animals and not humans. Avoid: text, watermarks, gore."
pigs,38,Black Comedy,pigs_38_black-comedy.webp,"Deadpan symmetrical editorial-cartoon oil, flat institutional beige, one blood-red accent, straight-faced: the collapsed straw and stick houses reduced to tidy insurance-claim piles beside an intact brick house, a claims-adjuster wolf measuring the chimney with a tape measure. Square 1:1 frame. Anthropomorphic pigs and wolf (upright, clothed), not real animals and not humans. Avoid: text, watermarks, gore."
pigs,39,Magical Realism,pigs_39_magical-realism.webp,"Latin American magical-realism painting, marigold and dusk-blue, matter-of-fact miracle: three anthropomorphic little pig brothers standing before their three houses arranged left to right -- a straw hut, a stick house, and a sturdy brick house -- while a big anthropomorphic wolf looms beside the brick house, mid-huff, about to blow in a sunbaked village where the straw house dissolves into wheat-light and the brick house visibly grieves, the wolf-wind treated as an ordinary season. Square 1:1 frame. Anthropomorphic pigs and wolf (upright, clothed), not real animals and not humans. Avoid: text, watermarks, gore."
pigs,40,Epistolary,pigs_40_epistolary.webp,"Flat-lay illustration of documents on a lamplit desk: building permits and insurance claims for a straw, stick, and brick house, each with a small ink house-vignette, wax seals and a soot-stained final letter signed with a pawprint, an axe and a pot in the corner. Handwriting as illegible scrawl, no legible words. Square 1:1 frame. Anthropomorphic pigs and wolf (upright, clothed), not real animals and not humans. Avoid: text, watermarks, gore."
red,01,Original Fairy Tale,red_01_original.webp,"Storybook woodcut illustration with warm watercolor wash: inside a cozy cottage, a young girl in a vivid red hooded cloak stands at the foot of a quilted bed, basket of cakes on her arm, eyes wide. In the bed, wearing grandmother's frilled nightcap and shawl, a large grinning wolf pretends to sleep, one yellow eye open. Brothers Grimm engraving warmth, sepia and forest green with the red cloak glowing. Square 1:1 frame. Avoid: text, watermarks, human characters where animals are specified, gore."
red,02,Film Noir,red_02_noir.webp,"High-contrast black-and-white film noir still: a tenement bedroom cut by venetian-blind shadows, where a young woman in a crimson trench coat (the one red accent) stands at the bedside, basket lowered slowly. In the bed, a wolf in a gray suit wears grandmother's wire spectacles and shawl, smoke curling from an ashtray. Hard rim light, 1940s pulp menace. Square 1:1 frame. Avoid: text, watermarks, human characters where animals are specified, gore."
red,03,Cosmic Horror,red_03_cosmic-horror.webp,"Eldritch horror illustration: a cottage bedroom whose walls are subtly larger inside than outside, where a girl in a blood-red cloak stands before a bed. The thing beneath grandmother's nightcap has a smile that continues past where smiles stop, and its shadow on the wall has too many limbs. Sickly greens and violets, the red cloak the only warm thing, Lovecraftian dread. Square 1:1 frame. Avoid: text, watermarks, human characters where animals are specified, gore."
red,04,Gothic Horror,red_04_gothic.webp,"Gothic oil painting: a candlelit manor bedchamber hung with crepe, where a pale girl in scarlet velvet stands at a four-poster bed, iron knife half-drawn from her basket of cakes. In the bed, the family curse wears grandmother's lace cap, eyes glowing ember-red in a wolfish skull-shadow. Claret reds and bone whites, Goya darkness, fog at the windows. Square 1:1 frame. Avoid: text, watermarks, human characters where animals are specified, gore."
red,05,Steampunk,red_05_steampunk.webp,"Steampunk illustration plate: a pneumatic cottage bedroom of brass pipes and gauges, where a girl in a red brass-buttoned coat and goggles stands at a mechanical bed, wrench ready beside her basket. In the bed, a wolf-engineer in grandmother's nightcap and borrowed goggles, articulated metal claws folded on the quilt. Sepia and verdigris, exposed gears, vintage scientific plate. Square 1:1 frame. Avoid: text, watermarks, human characters where animals are specified, gore."
red,06,Cyberpunk,red_06_cyberpunk.webp,"Cyberpunk concept art: a neon-lit micro-apartment where a courier girl in a red hoodie stands at a sleep-pod, delivery basket cuffed to her wrist. In the pod, a chrome wolf-unit wears grandmother's knit cardigan, optic eyes glowing through the disguise, vitals monitor pulsing the wrong rhythm. Rain on the window, hot pink and cyan, Blade Runner glow. Square 1:1 frame. Avoid: text, watermarks, human characters where animals are specified, gore."
red,07,Space Opera,red_07_space-opera.webp,"Space opera concept art: a mining station's sleeping berth, where a cadet in a red flight jacket floats at the bunk, supply pod in hand. Strapped in the bunk, a wolf-pirate in grandmother's patched flight cap, chrome teeth glinting under the reading lamp, stars and asteroids through the porthole. Sapphire and magenta nebulae, hard sci-fi detail. Square 1:1 frame. Avoid: text, watermarks, human characters where animals are specified, gore."
red,08,Western,red_08_western.webp,"Western painted illustration: a homestead bedroom at dusk, where a young woman in a red shawl stands at a brass bed, basket on her hip and hand near her holster. In the bed, a wolfish drifter wears grandmother's nightcap over his dead man's hat, boots still on under the quilt. Amber lamplight, long shadows, sunset through gingham curtains. Square 1:1 frame. Avoid: text, watermarks, human characters where animals are specified, gore."
red,09,Post-Apocalyptic,red_09_post-apocalyptic.webp,"Post-apocalyptic painting: a bunker sleeping-alcove of scavenged metal, where a girl in a faded red windbreaker stands at a cot, water canteens in her basket. On the cot, a raider in a scavenged gas mask has pulled grandmother's knit blanket to his chin, her tin cup in his claw. Ash-grey palette, one guttering lantern, the red windbreaker the last bright thing. Square 1:1 frame. Avoid: text, watermarks, human characters where animals are specified, gore."
red,10,Dystopian,red_10_dystopian.webp,"Dystopian propaganda-poster style: a regulation housing-unit sleeping module, where Subject R-7 in a regulation-red hood stands at attention beside the bed, ration basket presented. In the bed, Wolf-Officer 12 wears grandmother's authorization lanyard over a state-issue nightcap, amber surveillance apertures blinking on every wall. Cold institutional palette, one red hood. Square 1:1 frame. Avoid: text, watermarks, human characters where animals are specified, gore."
red,11,Solarpunk,red_11_solarpunk.webp,"Solarpunk illustration: a sunlit earthen cottage bedroom with living-willow walls, where a girl in a red harvest cloak sets her bread basket at the bedside, unafraid. In the bed, propped on pillows, an old gray wolf convalesces in grandmother's quilted cap while grandmother herself pours tea beside him. Warm greens and honey light, solar moths at the window, gentle. Square 1:1 frame. Avoid: text, watermarks, human characters where animals are specified, gore."
red,12,High Fantasy,red_12_high-fantasy.webp,"High fantasy oil painting: a battlemage's tower bedchamber, where an apprentice in a red ward-woven hood stands at an enchanted bed, her hood glowing hot in warning. In the bed, a werewolf knight wears grandmother's rune-stitched nightcap, black armor heaped beside the bed, moonlight striking through the arrow-slit. Rich jewel tones, glowing runes, epic detail. Square 1:1 frame. Avoid: text, watermarks, human characters where animals are specified, gore."
red,13,Anime,red_13_anime.webp,"Vibrant anime cel style: a dojo guest-room where a pink-haired girl in a red cape skids to a stop at the futon, cake box held protectively, speed lines and a huge sweat-drop. On the futon, Wolf-senpai in grandmother's sleeping yukata and nightcap, comically failing to look small, one fang visible. Cherry blossom light, bold outlines, expressive shoujo eyes. Square 1:1 frame. Avoid: text, watermarks, human characters where animals are specified, gore."
red,14,Superhero Comic,red_14_superhero.webp,"Superhero comic splash page: a city apartment bedroom, where RED HOOD in a crimson cape lands at the bedfoot in a three-point pose, tactical basket at her back. In the bed, the BIG BAD WOLF strains grandmother's floral nightgown over his bulk, claws gripping the headboard, halftone dots and action lines everywhere. Bold primaries, dramatic comic lighting. Square 1:1 frame. Avoid: text, watermarks, human characters where animals are specified, gore."
red,15,Silent Film,red_15_silent-film.webp,"1920s silent film frame, black and white with heavy vignette: a cottage bedroom where a girl in a black-but-clearly-red cloak recoils theatrically at the bedside, basket flying, mouth an O. In the bed, a wolf in an enormous frilled nightcap bats his eyelashes at the camera, wig slipping. Film grain, iris edge, exaggerated pantomime. Square 1:1 frame. Avoid: text, watermarks, human characters where animals are specified, gore."
red,16,1950s Suburban Mystery,red_16_suburban-mystery.webp,"1950s retro illustration, magazine-ad style: a pastel suburban bedroom where a girl in a red Sunday coat stands politely at the bed, casserole basket in both hands, smile faltering. In the bed, beneath a chenille spread, the milkman-who-is-not-the-milkman wears grandmother's reading glasses and hairnet, teeth too many for the smile. Mint and buttercup palette, one wrong shadow. Square 1:1 frame. Avoid: text, watermarks, human characters where animals are specified, gore."
red,17,Cold War Spy,red_17_cold-war-spy.webp,"Cold War spy thriller painting: a Berlin safehouse bedroom in weak lamplight, where Operative Red in a crimson coat stands at the bed, microfilm basket held casually, eyes reading everything. In the bed, a wolf-handler wears grandmother's coat with the collar up — the duress signal worn wrong — cigarette smoke hanging. Cold grays and greens, one red coat. Square 1:1 frame. Avoid: text, watermarks, human characters where animals are specified, gore."
red,18,True Crime Doc,red_18_true-crime.webp,"True-crime documentary reconstruction in the grounded journalistic style of In Cold Blood: a plain period bedroom treated as a documented crime scene, numbered yellow evidence markers on the floor, a plainclothes detective in a rumpled overcoat taking notes by the bed, a girl in a red coat giving her statement near the doorway, and the wolf in grandmother's nightcap and shawl seated matter-of-factly on the bed as the questioned suspect. Natural lamp and window light, muted realistic color, the flat factual tone of a real case being documented. Square 1:1 frame. Avoid: text, watermarks, human characters where animals are specified, gore, horror, found-footage grain, supernatural dread."
red,19,Courtroom Drama,red_19_courtroom.webp,"Courtroom drama painting: a wood-paneled courtroom where the wolf, still absurdly wearing grandmother's nightcap and shawl, sits in the witness box under oath. The girl in the red cloak points at him from the stand; on the evidence table, the brass bed itself, tagged EXHIBIT. Judge, jury, gaslight sconces, honey-and-oak palette, high drama. Square 1:1 frame. Avoid: text, watermarks, human characters where animals are specified, gore."
red,20,Romance,red_20_romance.webp,"Romance novel cover illustration: a firelit cottage bedroom where a young woman in a flowing red riding cloak stands at the bedside, a rose slipping from her basket. In the bed, a devastatingly handsome wolf-eared stranger caught mid-disguise, grandmother's shawl sliding from his shoulders, expression sheepish and smitten. Golden hour glow, wind-blown fabric, painterly swirl. Square 1:1 frame. Avoid: text, watermarks, human characters where animals are specified, gore."
red,21,Heist,red_21_heist.webp,"Heist film concept art: a mansion bedroom vault-suite where a cat-burglar in a red catsuit crouches at the canopy bed, jewel basket at her hip, laser grid faint across the room. In the bed, a rival thief in wolf-gray silk pajamas and grandmother's sleep mask pretends to sleep, one gloved hand on the heirloom pendant. Cool blues, one red suit, slick lighting. Square 1:1 frame. Avoid: text, watermarks, human characters where animals are specified, gore."
red,22,Detective Mystery,red_22_detective.webp,"Classic detective mystery illustration: a cottage bedroom treated as a crime scene, where a teen sleuth in a red coat examines the bed with a magnifying glass, notebook in her basket. In the bed, a wolf in grandmother's nightcap holds up his paws in protest of innocence; chalk outlines mark a folded nightcap and flour footprints. Foggy London palette, pipe-smoke greys. Square 1:1 frame. Avoid: text, watermarks, human characters where animals are specified, gore."
red,23,Survival Wilderness,red_23_survival.webp,"Survival wilderness painting: a snowbound cabin bunk-room at lantern light, where a girl in a red parka stands at the bunk, ice axe loose in one hand, supply basket in the other. In the bunk, wrapped in grandmother's caribou blanket, a gaunt timber wolf watches her with patient arithmetic eyes, frost on its muzzle. Deep blue night, one warm lantern, blowing snow at the door. Square 1:1 frame. Avoid: text, watermarks, human characters where animals are specified, gore."
red,24,Slapstick Cartoon,red_24_slapstick.webp,"Frantic 1940s cartoon still: a cottage bedroom mid-chaos, where a girl in a red hood does a full-body double-take at the bed, basket launching cakes in an arc. In the bed, a tuxedoed wolf wears a granny wig that is actively sliding off, monocle popping, teacup frozen mid-sip. Rubber-hose limbs, motion smears, impossible squash-and-stretch. Square 1:1 frame. Avoid: text, watermarks, human characters where animals are specified, gore."
red,25,Mythic Epic,red_25_mythic-epic.webp,"Mythic fresco painting: a threshold-shrine where a maiden in a sacred crimson veil stands before a stone bier, offerings of honey and barley in her basket. Upon the bier, a wolf-spirit robed in famine wears the Crone's mantle and crown of dried flowers, ancient and vast, storm clouds coiling in the painted sky. Gold leaf, terracotta and lapis, epic solemnity. Square 1:1 frame. Avoid: text, watermarks, human characters where animals are specified, gore."
red,26,Science Fiction,red_26_science-fiction.webp,"Retro-futuristic sci-fi concept art: a habitat medical bay where a courier in a red pressure suit stands at the recovery pod, med-supply case in hand. Inside the pod, a wolf-pattern salvage drone drapes grandmother's knit cardigan over its chassis, synthesized voice waveform glowing on the speaker grille. Chrome and teal, engineered birches through the viewport. Square 1:1 frame. Avoid: text, watermarks, human characters where animals are specified, gore."
red,27,Action & Adventure,red_27_action-adventure.webp,"Pulp adventure illustration: a canyon outpost bedroom at lamplight, where an explorer girl in a red climbing hood stands at the bed, map case slung, rope coiled on her basket. In the bed, the treacherous guide Wolfe wears a stolen poncho and grandmother's hat brim low, machete glinting under the blanket edge. Golden canyon light through shutters, dynamic diagonals. Square 1:1 frame. Avoid: text, watermarks, human characters where animals are specified, gore."
red,28,Supernatural Horror,red_28_ghost-horror.webp,"Supernatural horror painting: a cottage bedroom empty for forty years yet firelit, where a girl in a red cloak stands at the threshold of the bedside, basket trembling. The shape in the bed has grandmother's warmth and no face that resolves, nightcap hovering on absence, the quilt breathing. Cold blues and greys, one warm hearth-glow, dread over gore. Square 1:1 frame. Avoid: text, watermarks, human characters where animals are specified, gore."
red,29,Biography Memoir,red_29_biography.webp,"Quiet literary painting: an elderly woman in a faded red coat sits at the foot of a preserved cottage bed in afternoon light, her old basket beside her, touching the quilt. The bed is empty; on the wall hang a framed photograph of her grandmother and a sixty-year-old newspaper clipping about a wolf. Wyeth stillness, warm ambers, memory made visible. Square 1:1 frame. Avoid: text, watermarks, human characters where animals are specified, gore."
red,30,Historical Fiction,red_30_historical-fiction.webp,"Historical fiction oil painting, 1940s occupied Europe: a fourth-floor flat bedroom where a girl with a red kerchief and bread basket stands rigid at the bed. In it, an officer with very good teeth wears grandmother's shawl over his uniform, boots visible beneath the quilt, a leaflet in his gloved hand. Muted wartime palette, the kerchief's red carrying the frame. Square 1:1 frame. Avoid: text, watermarks, human characters where animals are specified, gore."
red,31,Stage Drama,red_31_stage-drama.webp,"Theatrical stage painting: a cutaway cottage set where a girl in red crosses painted floorboards toward the bed, basket high, while the audience silhouettes below can plainly see the wolf in the bed — nightcap, gown, folded claws — waiting. Footlight amber, painted birch flats, dramatic irony made architecture. Square 1:1 frame. Avoid: text, watermarks, human characters where animals are specified, gore."
red,32,Graphic Novel,red_32_graphic-novel.webp,"A comic-book page laid out as three or four rectangular panels with clean white gutters and bold black ink borders, halftone-dot shading: a girl in a red hooded cloak with a basket standing at the foot of a bed where a wolf wearing grandmother's frilled nightcap and shawl pretends to sleep -- the reveal broken across panels (the approach, the too-big eyes and teeth, the wolf rising). Dramatic vintage comic art. A landscape comic-book page. Anthropomorphic pigs, wolf, and bears upright and clothed where present. Speech balloons and caption boxes with illegible squiggle lettering, not real words. Avoid: photorealism, gore, legible text."
red,33,Ergodic,red_33_ergodic.webp,"Recovered case-file collage on aged paper: a bedroom floor plan annotated in three hands, a photograph of a bed whose occupant is redacted with black bars except the nightcap and one yellow eye, a girl in red visible only in the photo's margin. Catalogue cards for EARS, EYES, TEETH in three sizes, coffee stains, string connecting evidence, marginalia as illegible scrawl. Square 1:1 frame. Avoid: text, watermarks, human characters where animals are specified, gore."
red,34,Transgressive,red_34_transgressive.webp,"Xeroxed punk-zine collage, harsh contrast: a cramped tenement bedroom where a teenage girl in a red jacket sits backwards on a chair facing the bed, arms crossed, unafraid. In the bed, a wolf in grandmother's cardigan and reading glasses returns her stare, entirely unapologetic. Ripped-paper edges, photocopier grain, one spray-red accent. Square 1:1 frame. Avoid: text, watermarks, human characters where animals are specified, gore."
red,35,Climate Fiction,red_35_climate-fiction.webp,"Painterly climate-fiction scene: a fire-watch cabin bunk-room, where a girl in a red windbreaker stands at the bunk with two canteens in her basket. In the bunk, thin as a shipwreck, the starved wolf sleeps wrapped in grandmother's blanket while grandmother reads in a chair beside it, insulin case on the nightstand. Charcoal blacks, seedling green through the window, elegiac. Square 1:1 frame. Avoid: text, watermarks, human characters where animals are specified, gore."
red,36,Slipstream,red_36_slipstream.webp,"Quiet surrealist painting, Magritte sensibility: a bedroom where the bed floats a handspan above the floor and the window shows a different season than the door. A girl in red stands calmly at the bedside; the figure beneath the nightcap is a wolf in some panels of the wallpaper and a grandmother in others, and the teeth rest in a glass on the nightstand. Muted dream palette, flat light. Square 1:1 frame. Avoid: text, watermarks, human characters where animals are specified, gore."
red,37,Bangsian,red_37_bangsian.webp,"Warm classical afterlife oil painting: a cloud-borne cottage bedroom in Elysian light where a radiant elderly Red, hood folded over her arm, stands at the bed. In it, the old gray wolf — tucked in by a committee of glowing grandmothers visible through the doorway — wears the nightcap awkwardly, holding an apology parcel. Gold and rose light, gentle wit, academic finish. Square 1:1 frame. Avoid: text, watermarks, human characters where animals are specified, gore."
red,38,Black Comedy,red_38_black-comedy.webp,"Deadpan symmetrical tableau, flat editorial-cartoon oil: a floral bedroom where the wolf in grandmother's nightcap sits up in bed chairing a book club meeting, paperback in paw, five elderly ladies in chairs taking minutes. The girl in red stands at the bedfoot with her cake tin, entirely unimpressed; the wardrobe behind bulges mid-thump. Institutional beige, one blood-red accent. Square 1:1 frame. Avoid: text, watermarks, human characters where animals are specified, gore."
red,39,Magical Realism,red_39_magical-realism.webp,"Latin American magical-realism painting: a village bedroom at dusk where a girl in red sets her basket on the quilt of a bed whose occupant is halfway between grandmother and wolf — a beloved face with a longer jaw, gray hair braided with fur — and no one in the painting is surprised. Marigold and dusk-blue, votive candles, tender matter-of-fact miracle. Square 1:1 frame. Avoid: text, watermarks, human characters where animals are specified, gore."
red,40,Epistolary,red_40_epistolary.webp,"Flat-lay illustration on a writing desk: an exchange of letters arranged around a small framed sketch of the bed scene — girl in red at the bedside, wolf in nightcap. The postscripts visibly change handwriting letter to letter; one letter is nailed to bark; a wax seal shows a paw print; an axe and a bottle of wine wait in the corner. Warm parchment tones, handwriting as illegible scrawl. Square 1:1 frame. Avoid: text, watermarks, human characters where animals are specified, gore."
goldilocks,01,Original Fairy Tale,goldilocks_01_original.webp,"Storybook woodcut illustration with warm watercolor wash: a cottage bedroom where a golden-haired girl in a blue pinafore sleeps blissfully in the smallest of three beds. Three bears in nightshirts — great, middle, and small — peer at her in ascending sizes, the smallest pointing at his own bed. Through the doorway, three porridge bowls and a broken chair. Sepia and honey tones. Square 1:1 frame. Avoid: text, watermarks, human characters where animals are specified, gore."
goldilocks,02,Film Noir,goldilocks_02_noir.webp,"High-contrast film noir still: a brownstone bedroom where a platinum-blonde in a fur-trimmed coat sleeps in the smallest bed, venetian shadows striping the quilt. Three bears in fedoras and overcoats fill the doorway in silhouette, the big one's cigarette a single ember. On the floor, a broken chair; the one color, her abandoned lipstick-red clutch. 1940s pulp menace. Square 1:1 frame. Avoid: text, watermarks, human characters where animals are specified, gore."
goldilocks,03,Cosmic Horror,goldilocks_03_cosmic-horror.webp,"Eldritch horror illustration: a cabin bedroom where a golden-haired girl sleeps in the smallest of three beds — but a fourth bed has appeared, turned down, waiting. In the doorway, three shapes wear the outlines of bears politely, like borrowed clothes, their shadows arriving before them. Sickly greens and violets, her gold hair the only warmth, non-Euclidean angles. Square 1:1 frame. Avoid: text, watermarks, human characters where animals are specified, gore."
goldilocks,04,Gothic Horror,goldilocks_04_gothic.webp,"Gothic oil painting: a manor's east-wing bedchamber where a golden-haired governess sleeps in the smallest of three ancient beds, candle guttered beside her. Three figures in mourning dress of a forty-year-old cut stand at the bedfoot — great, middle, and small — with bear shadows the candlelight cannot explain. Claret and bone palette, crepe-hung mirrors, dread. Square 1:1 frame. Avoid: text, watermarks, human characters where animals are specified, gore."
goldilocks,05,Steampunk,goldilocks_05_steampunk.webp,"Steampunk illustration plate: a workshop bunkroom where a golden-haired aerial scout sleeps in the smallest berth, goggles pushed up, patched balloon envelope folded beside her. Three mechanical bears clank at the doorway in ascending bore, brass heads tilted, gauges going red in sequence; a broken bench leg lies in the foreground. Sepia and verdigris, gears and rivets. Square 1:1 frame. Avoid: text, watermarks, human characters where animals are specified, gore."
goldilocks,06,Cyberpunk,goldilocks_06_cyberpunk.webp,"Cyberpunk concept art: a server-room sleep-pod bay where a blonde data-thief drifts unconscious in the smallest pod, jack cable still connected. Three glowing bear-avatars materialize over the intrusion console in ascending size, red trace-lines converging on her pod. Neon pink and cyan on black chrome, cascading code, Blade Runner rain on the window. Square 1:1 frame. Avoid: text, watermarks, human characters where animals are specified, gore."
goldilocks,07,Space Opera,goldilocks_07_space-opera.webp,"Space opera concept art: a starship crew quarters where a golden-haired stowaway sleeps in the smallest cryo-pod, frost blooming on the glass. Three vacuum-suited ursine crew members look in through the pod viewport in ascending helmet sizes, hull plating under their arms. Deep star-field blacks, sapphire instrument glow, hard sci-fi detail. Square 1:1 frame. Avoid: text, watermarks, human characters where animals are specified, gore."
goldilocks,08,Western,goldilocks_08_western.webp,"Western painted illustration: a frontier cabin at moonrise where a blonde drifter sleeps in the smallest bunk, boots still on, hat over her eyes. Three bears in dusters and hats stand in the doorway in ascending sizes, moonlight long across the floorboards to a busted rocking chair and three plates of beans. Amber lamplight and blue night, painted western warmth. Square 1:1 frame. Avoid: text, watermarks, human characters where animals are specified, gore."
goldilocks,09,Post-Apocalyptic,goldilocks_09_post-apocalyptic.webp,"Post-apocalyptic painting: a ruined house where a blonde scavenger sleeps curled on the smallest of three sleeping mats, empty food tin beside her. Three mutant ursine figures in patched coats stand over her in ascending sizes, patient rather than hostile, their shadows thrown by a burn-barrel fire. Ash-grey palette, her gold hair the last bright thing. Square 1:1 frame. Avoid: text, watermarks, human characters where animals are specified, gore."
goldilocks,10,Dystopian,goldilocks_10_dystopian.webp,"Dystopian propaganda-poster style: a regulation housing unit where Citizen G-7, gold hair against gray bedding, sleeps in the smallest state sleep-module. Three Ursine compliance officers stand at inspection posture in ascending sizes, clipboards ready, amber surveillance apertures blinking. Cold institutional palette, stenciled unit numbers, one warm anomaly: her hair. Square 1:1 frame. Avoid: text, watermarks, human characters where animals are specified, gore."
goldilocks,11,Solarpunk,goldilocks_11_solarpunk.webp,"Solarpunk illustration: a sunlit earthen cottage where a golden-haired traveler sleeps in the smallest woven nest-bed, road dust still on her boots, an apology note tucked in a repaired chair beside her. Three gentle bear-folk look in from the garden doorway in ascending sizes, one carrying tea. Warm greens and honey light, living-willow walls, kindness. Square 1:1 frame. Avoid: text, watermarks, human characters where animals are specified, gore."
goldilocks,12,High Fantasy,goldilocks_12_high-fantasy.webp,"High fantasy oil painting: a druid grove where a golden-braided apprentice sleeps on the smallest moss bier beneath a cracked living-oak throne. Three were-bear druids stand over her in ascending majesty — storm-scented, ivy-crowned, and young — moonlight through ancient branches. Rich jewel greens, glowing runes on bark, epic painterly detail. Square 1:1 frame. Avoid: text, watermarks, human characters where animals are specified, gore."
goldilocks,13,Anime,goldilocks_13_anime.webp,"Vibrant anime cel style: a traditional household guest room where transfer student Kogane-chan sleeps blissfully on the smallest futon, an empty onigiri wrapper on her chest. Three bear-clan family members fill the doorway in ascending sizes — papa enormous, mama in an apron, and a mortified teenage son going progressively redder. Speed lines, huge expressions, cherry blossom light. Square 1:1 frame. Avoid: text, watermarks, human characters where animals are specified, gore."
goldilocks,14,Superhero Comic,goldilocks_14_superhero.webp,"Superhero comic splash page: a syndicate safehouse bunker where teen sidekick GOLDIE sleeps in the smallest regen-bed, cherry power-tonic bottle empty on the floor beside a shattered throne. THREE URSINE BEARS burst through the door in ascending sizes, mid-monologue, halftone dots and action lines everywhere. Bold primaries, dramatic comic lighting. Square 1:1 frame. Avoid: text, watermarks, human characters where animals are specified, gore."
goldilocks,15,Silent Film,goldilocks_15_silent-film.webp,"1920s silent film frame, black and white with heavy vignette: a cottage bedroom where a girl with stage-lightning curls sleeps in the smallest bed, cursive Z's floating up. Three bears in waistcoats do a synchronized double-take at the doorway in ascending sizes, hands thrown up in pantomime horror. Film grain, iris edge, broken chair in the foreground. Square 1:1 frame. Avoid: text, watermarks, human characters where animals are specified, gore."
goldilocks,16,1950s Suburban Mystery,goldilocks_16_suburban-mystery.webp,"1950s retro illustration, magazine-ad style: a pastel-perfect suburban bedroom where a blonde girl sleeps in the smallest of three immaculate beds, its hospital corners disturbed. Three Ursine family members stand smiling in the doorway in ascending sizes, casserole still warm in mother's oven mitts — the smiles a shade too wide. Mint and buttercup, one wrong shadow. Square 1:1 frame. Avoid: text, watermarks, human characters where animals are specified, gore."
goldilocks,17,Cold War Spy,goldilocks_17_cold-war-spy.webp,"Cold War spy thriller painting: a Berlin safehouse where Agent Goldenrod sleeps on the smallest cot, one hand on her sidearm, the other resting on a chessboard mid-game. Three trench-coated officers of the Ursine cell study her from the doorway in ascending sizes, weak lamplight, three espresso cups cooling. Cold grays and greens, one gold braid. Square 1:1 frame. Avoid: text, watermarks, human characters where animals are specified, gore."
goldilocks,18,True Crime Doc,goldilocks_18_true-crime.webp,"True-crime documentary reconstruction in the grounded journalistic style of In Cold Blood: a farmhouse bedroom treated as a documented crime scene, numbered yellow evidence markers, a plainclothes detective in a rumpled coat examining the smallest of three beds where a blonde girl is being questioned, three bears standing by as witnesses giving statements, an overturned small chair tagged as evidence. Natural window light, muted realistic color, the flat factual tone of a real case being documented. Square 1:1 frame. Avoid: text, watermarks, human characters where animals are specified, gore, horror, found-footage grain, supernatural dread."
goldilocks,19,Courtroom Drama,goldilocks_19_courtroom.webp,"Courtroom drama painting: a wood-paneled courtroom where a golden-haired defendant stands at her table beside a repaired chair marked EXHIBIT, while three bears — great, middle, and small — sit at the plaintiff table, the smallest holding a spoon. The judge examines a bowl of porridge with a magnifying glass. Honey-and-oak palette, gaslight, high drama. Square 1:1 frame. Avoid: text, watermarks, human characters where animals are specified, gore."
goldilocks,20,Romance,goldilocks_20_romance.webp,"Romance novel cover illustration: a firelit forest home where a rain-soaked blonde botanist sleeps in the smallest chair-side bed, specimen press slipping from her hand. Three bear-shifters have just come through the door in ascending sizes — and the youngest, broad-shouldered and thunderstruck, cannot look away. Golden hearthlight, storm at the windows, painterly swirl. Square 1:1 frame. Avoid: text, watermarks, human characters where animals are specified, gore."
goldilocks,21,Heist,goldilocks_21_heist.webp,"Heist film concept art: a vault antechamber where a blonde infiltrator sleeps against the smallest of three pressure-plate floor panels, ballast belt loosened, take bagged beside her. Three silhouettes of the returning Ursine family rise up the marble stair in ascending sizes, laser grid faint and red across the scene. Cool blues, slick lighting, one gold shimmer. Square 1:1 frame. Avoid: text, watermarks, human characters where animals are specified, gore."
goldilocks,22,Detective Mystery,goldilocks_22_detective.webp,"Classic detective mystery illustration: a cabin bedroom treated as a scene, where a teen sleuth in a deerstalker examines the smallest slept-in bed with a magnifying glass — a note under the pillow, a repaired chair sketched on butcher paper nearby. Through the window, three bear silhouettes return up the path in ascending sizes. Fog greys, warm lamplight, pipe-smoke mood. Square 1:1 frame. Avoid: text, watermarks, human characters where animals are specified, gore."
goldilocks,23,Survival Wilderness,goldilocks_23_survival.webp,"Survival wilderness painting: a whiteout-lit cabin where a frostbitten blonde hiker sleeps in the smallest bunk nearest the stove, bandaged hands curled round an emptied stew bowl. Three huge quiet trappers — or are they bears in the lantern shadow — stand at the door shaking off snow in ascending sizes, one already carving a spoon. Deep blue night, one warm stove glow. Square 1:1 frame. Avoid: text, watermarks, human characters where animals are specified, gore."
goldilocks,24,Slapstick Cartoon,goldilocks_24_slapstick.webp,"Frantic 1940s cartoon still: a cottage bedroom where a pigtailed girl snores in the smallest bed, cursive Z's exiting the window, the bed's springs flattened to the floor. Three bears in nightcaps pile up in the doorway in ascending sizes, eyebrows launching off their heads; a chair reduced to toothpicks smolders in the foreground. Rubber-hose limbs, motion smears. Square 1:1 frame. Avoid: text, watermarks, human characters where animals are specified, gore."
goldilocks,25,Mythic Epic,goldilocks_25_mythic-epic.webp,"Mythic fresco painting: a grove-shrine where a golden-haired mortal sleeps upon the smallest of three sacred biers, a cracked stone throne beside her, an emptied offering bowl at her feet. Three bear-gods descend in ascending immensity — storm, harvest, and spring — thunder coiling in the painted sky, the youngest god's expression already merciful. Gold leaf, terracotta and lapis. Square 1:1 frame. Avoid: text, watermarks, human characters where animals are specified, gore."
goldilocks,26,Science Fiction,goldilocks_26_science-fiction.webp,"Retro-futuristic sci-fi concept art: a research platform dormitory where a golden-haired castaway sleeps in the smallest cryo-pod, a six-hour timer glowing considerately on its display, an emptied nutrient tray racked neatly. Three ursine crew in EVA suits look in through the bay window in ascending sizes. Chrome and teal, station lights, engineered calm. Square 1:1 frame. Avoid: text, watermarks, human characters where animals are specified, gore."
goldilocks,27,Action & Adventure,goldilocks_27_action-adventure.webp,"Pulp adventure illustration: a high-country camp at dawn where a feral-thin girl with matted gold hair sleeps by the banked fire in the smallest bedroll, breakfast for two already laid out. A tracker wakes across the fire to find her rifle moved politely out of reach; three sets of bear tracks ring the camp. Golden alpine light, dynamic diagonals, painted grit. Square 1:1 frame. Avoid: text, watermarks, human characters where animals are specified, gore."
goldilocks,28,Supernatural Horror,goldilocks_28_ghost-horror.webp,"Supernatural horror painting: a 1911 farmhouse bedroom where a golden-haired traveler sleeps in the smallest bed under a quilt that is tucking itself in. At the bedfoot stand three translucent bears in ascending sizes, patient as portraits, steam rising from three bowls in a fireless kitchen beyond. Cold blues, one impossible warm porridge-glow, dread over gore. Square 1:1 frame. Avoid: text, watermarks, human characters where animals are specified, gore."
goldilocks,29,Biography Memoir,goldilocks_29_biography.webp,"Quiet literary painting: an eighty-three-year-old woman with a silver-gold braid sits on the smallest of three beds in a preserved cottage bedroom, her wedding photograph — three bears standing on the groom's side — held in her lap. Afternoon light through lace curtains, a repaired chair by the wall. Wyeth stillness, warm ambers, memory made visible. Square 1:1 frame. Avoid: text, watermarks, human characters where animals are specified, gore."
goldilocks,30,Historical Fiction,goldilocks_30_historical-fiction.webp,"Historical fiction oil painting, 1943 Yorkshire: a farmhouse bedroom where a small evacuee girl, name tag still pinned, sleeps exhausted in the smallest bed. Three members of the Ursell farm family stand in the doorway in work clothes, in ascending sizes, their faces more grief than anger; an emptied blue-ringed porridge bowl sits on the nightstand. Rationing-era browns, cold daylight. Square 1:1 frame. Avoid: text, watermarks, human characters where animals are specified, gore."
goldilocks,31,Stage Drama,goldilocks_31_stage-drama.webp,"Theatrical stage painting: a cutaway cottage set where a girl sleeps in the smallest of three beds under stage moonlight — while three actors in magnificent terrible bear masks advance up the center aisle THROUGH the audience silhouettes toward the stage. Footlight amber against house dark, painted flats, the smallest mask turned back toward us. Square 1:1 frame. Avoid: text, watermarks, human characters where animals are specified, gore."
goldilocks,32,Graphic Novel,goldilocks_32_graphic-novel.webp,"A comic-book page laid out as three or four rectangular panels with clean white gutters and bold black ink borders, halftone-dot shading: three bears -- great, middle, and small -- discovering a golden-haired girl asleep in the smallest bed, with a broken little chair and three porridge bowls, the discovery broken across panels. Dynamic vintage comic art. A landscape comic-book page. Anthropomorphic pigs, wolf, and bears upright and clothed where present. Speech balloons and caption boxes with illegible squiggle lettering, not real words. Avoid: photorealism, gore, legible text."
goldilocks,33,Ergodic,goldilocks_33_ergodic.webp,"Recovered case-file collage on aged paper: a cottage floor plan whose bedroom contains a smaller identical bedroom, three bowls diagrammed with looping arrows, a photograph of the smallest bed with its sleeper redacted except one gold curl. Annotations in a child's hand and a paw-print hand, black bars, string, coffee stains — and a fourth bowl added to the figure in fresh ink. Square 1:1 frame. Avoid: text, watermarks, human characters where animals are specified, gore."
goldilocks,34,Transgressive,goldilocks_34_transgressive.webp,"Xeroxed punk-zine collage, harsh contrast: a kitchen where a teenage girl with wild gold hair sleeps defiantly at the table beside three bowls — the smallest scraped clean, the dishes washed and stacked. Three looming bear shapes fill the doorway; she has left them a note. Ripped-paper edges, photocopier grain, one spray-gold accent. Square 1:1 frame. Avoid: text, watermarks, human characters where animals are specified, gore."
goldilocks,35,Climate Fiction,goldilocks_35_climate-fiction.webp,"Painterly climate-fiction scene: a barn in a snowless January where a girl sleeps in the smallest hollow of dragged blankets among three portioned salvage heaps. Three thin bears settle around her at agreed distances, sharing warmth, the smallest nearest. Dead-grass browns, unseasonable light through slats, one sound tin of food between them all. Elegiac, not grim. Square 1:1 frame. Avoid: text, watermarks, human characters where animals are specified, gore."
goldilocks,36,Slipstream,goldilocks_36_slipstream.webp,"Quiet surrealist painting, Magritte sensibility: a bedroom where three beds are made in three tenses — one slept-in, one being slept in though visibly empty, and the smallest occupied by a golden-haired girl who is slightly transparent, as if not yet fully arrived. Three bears at the door cast the shadows of trees. Muted dream palette, flat even light, deadpan impossibility. Square 1:1 frame. Avoid: text, watermarks, human characters where animals are specified, gore."
goldilocks,37,Bangsian,goldilocks_37_bangsian.webp,"Warm classical afterlife oil painting: a philosophers' garden where three robed bear-scholars argue around a table of three eternally steaming bowls — while a delighted elderly golden-haired woman is shown to a mended fourth chair by the smallest bear. Cloud-hills, Elysian gold and rose light, gentle wit, academic finish. Square 1:1 frame. Avoid: text, watermarks, human characters where animals are specified, gore."
goldilocks,38,Black Comedy,goldilocks_38_black-comedy.webp,"Deadpan symmetrical tableau, flat editorial-cartoon oil: a courtroom where three bears in suits sit at the plaintiff table with a broken chair in an evidence bag, and the golden-haired defendant sits at hers beside the repaired replacement chair, visibly better made. The judge holds a bowl of porridge up to the light. Institutional beige, one gold accent, everyone straight-faced. Square 1:1 frame. Avoid: text, watermarks, human characters where animals are specified, gore."
goldilocks,39,Magical Realism,goldilocks_39_magical-realism.webp,"Latin American magical-realism painting: a birch-clearing house at dusk that has set its own table — three bowls steaming with nobody home — while in the upstairs window a golden-haired girl brushes her hair, at home in a house that keeps house. On the porch, a fourth child-sized chair no one built. Marigold, terracotta, dusk-blue, matter-of-fact miracle. Square 1:1 frame. Avoid: text, watermarks, human characters where animals are specified, gore."
goldilocks,40,Epistolary,goldilocks_40_epistolary.webp,"Flat-lay illustration on a workshop table: an incident report with a child's note pinned to it, a woodshop invoice stamped DISPUTED then PAID IN LABOR, letters in a young improving hand, one carved wooden spoon with a bear on the handle, and a small framed sketch of a girl asleep in the smallest bed. Warm parchment tones, handwriting as illegible scrawl. Square 1:1 frame. Avoid: text, watermarks, human characters where animals are specified, gore."
cinderella,01,Original Fairy Tale,cinderella_01_original.webp,"Storybook woodcut illustration with warm watercolor wash: a moonlit palace staircase where a young woman in a starlight ball gown flees down the steps, gown already fraying to rags at the hem, one glass slipper left gleaming on a stair. Above, the clock tower strikes twelve; at the doors, a prince reaches a step too late; a pumpkin coach waits below. Sepia, midnight blue, and gold. Square 1:1 frame. Avoid: text, watermarks, human characters where animals are specified, gore."
cinderella,02,Film Noir,cinderella_02_noir.webp,"High-contrast film noir still: a nightclub's back staircase in rain, where a woman in a beaded gala dress runs down the wet steps past a streetlamp, clutch under her arm, face turned from the light. One glass heel gleams on the stair — the single bright object in the frame. Neon sign reflections, venetian shadows, a silhouette in the doorway above. 1940s pulp longing. Square 1:1 frame. Avoid: text, watermarks, human characters where animals are specified, gore."
cinderella,03,Cosmic Horror,cinderella_03_cosmic-horror.webp,"Eldritch horror illustration: a palace stair that has too many steps counted twice, where a young woman flees a ballroom whose light bends the wrong way, her gown unraveling into the color no seamstress can name. The slipper left behind is not glass but the part of her the glass had been, faintly luminous. Sickly greens and violets, geometry subtly wrong, dread. Square 1:1 frame. Avoid: text, watermarks, human characters where animals are specified, gore."
cinderella,04,Gothic Horror,cinderella_04_gothic.webp,"Gothic oil painting: a crepe-hung manor staircase at midnight where a pale young woman in her dead mother's ball gown flees candlelit shadows, mirrors on the landing giving up their black cloth all at once. One scrying-glass slipper glows on the stair, showing a tiny cellar scene within. Claret and bone palette, guttering candelabra, storm at the windows. Square 1:1 frame. Avoid: text, watermarks, human characters where animals are specified, gore."
cinderella,05,Steampunk,cinderella_05_steampunk.webp,"Steampunk illustration plate: an exposition hall's grand iron staircase where a young woman in an oil-silk gown and sprung-brass corset runs down through venting steam, pressure gauges on the wall hitting midnight-red. One glass-and-rubber slipper rests on a tread; below, a pumpkin-shaped two-stroke carriage sputters its last. Sepia and verdigris, gears and rivets. Square 1:1 frame. Avoid: text, watermarks, human characters where animals are specified, gore."
cinderella,06,Cyberpunk,cinderella_06_cyberpunk.webp,"Cyberpunk concept art: a corporate tower's emergency stairwell where a woman flees downward as her rendered gown glitches back to worker coveralls floor by floor, face scanners waking hungry and red. On the landing, one glass slipper — the only object in the tower with no data in it. Neon pink and cyan on black chrome, rain on the glass wall, Blade Runner melancholy. Square 1:1 frame. Avoid: text, watermarks, human characters where animals are specified, gore."
cinderella,07,Space Opera,cinderella_07_space-opera.webp,"Space opera concept art: a flagship's boarding ramp where a young engineer runs from the fleet ball as her solar-sail-silk gown dissolves into light around her coveralls, an orange emergency pod idling below. One crystal envirosuit boot stays magnetized to the ramp; the prince-admiral reaches the airlock a step too late. Star-field blacks, sapphire and magenta nebulae. Square 1:1 frame. Avoid: text, watermarks, human characters where animals are specified, gore."
cinderella,08,Western,cinderella_08_western.webp,"Western painted illustration: the territorial governor's porch steps at midnight where a young woman in a San Francisco gown runs for a lacquered pumpkin-wagon buggy, hem hiked, hair coming loose. One glass-heeled Spanish boot stands on the porch boards in the lamplight; the governor's son holds the rail, a step too late. Amber lamps, blue night, painted western warmth. Square 1:1 frame. Avoid: text, watermarks, human characters where animals are specified, gore."
cinderella,09,Post-Apocalyptic,cinderella_09_post-apocalyptic.webp,"Post-apocalyptic painting: a warlord's stronghold gate at midnight as the truce flag drops, where a young woman in an unfaded dress from before flees across mud and searchlights toward the wastes. One built-glass shoe stays in the churned mud at the gate, catching a flare's light. Ash-greys and rust, her dress the last clean thing of the old world. Square 1:1 frame. Avoid: text, watermarks, human characters where animals are specified, gore."
cinderella,10,Dystopian,cinderella_10_dystopian.webp,"Dystopian propaganda-poster style: a ministry gala hall's great stair at curfew-zero, where Citizen C-12 descends at speed in a gown woven of decommissioned flags, exits marked in cold stencils. One regulation-transparent slipper remains on the stair under a surveillance aperture's amber blink — her true merit record engraved in its heel. Institutional palette, one red flag-thread. Square 1:1 frame. Avoid: text, watermarks, human characters where animals are specified, gore."
cinderella,11,Solarpunk,cinderella_11_solarpunk.webp,"Solarpunk illustration: a festival great-hall's garden steps at moonset, where a young woman in forty-times-mended heirloom silk hurries down between solar lanterns toward the cider press she promised to tend. One glass slipper from before the flood rests on a step; the potter's son follows carrying her shawl, unhurried, smiling. Warm greens, honey lanternlight, kindness. Square 1:1 frame. Avoid: text, watermarks, human characters where animals are specified, gore."
cinderella,12,High Fantasy,cinderella_12_high-fantasy.webp,"High fantasy oil painting: a castle's rune-lit grand stair at the witching hour, where a young woman flees as her moth-wing gown dissolves into contract-script and fireflies. The fae-blown slipper stands on the stair of its own accord — terms concluded — glowing faintly with law. Rich jewel tones, moonlit spires, epic painterly detail. Square 1:1 frame. Avoid: text, watermarks, human characters where animals are specified, gore."
cinderella,13,Anime,cinderella_13_anime.webp,"Vibrant anime cel style: gymnasium steps at the culture festival bonfire, where Shinderera-chan sprints down mid-unravel — her masterpiece dress dramatically coming apart into petals and thread, sewing machine spirit wailing in a speech bubble of steam. One tempered-glass slipper (TECHNICALLY safety equipment) gleams on the steps; the student council president holds his clipboard, stunned. Fireworks, speed lines, huge expressions. Square 1:1 frame. Avoid: text, watermarks, human characters where animals are specified, gore."
cinderella,14,Superhero Comic,cinderella_14_superhero.webp,"Superhero comic splash page: a gala ballroom wall three meters up, where one glass slipper is EMBEDDED, batteries dead, as ELLA swings out the shattered skylight on a grapnel line, gown flaring over ballistic weave, alarms painting everything red. The DA's son reaches up toward the slipper in the wall. Halftone dots, action lines, bold primaries. NEXT ISSUE box implied. Square 1:1 frame. Avoid: text, watermarks, human characters where animals are specified, gore."
cinderella,15,Silent Film,cinderella_15_silent-film.webp,"1920s silent film frame, black and white with heavy vignette: a palace staircase that multiplies as the camera cranks, where a girl flees downward with her gown streaming, mouth an O, enormous clock face filling the sky behind her with hands sprinting. One slipper center-frame catches the spotlight. Film grain, iris edge closing, melodrama. Square 1:1 frame. Avoid: text, watermarks, human characters where animals are specified, gore."
cinderella,16,1950s Suburban Mystery,cinderella_16_suburban-mystery.webp,"1950s retro illustration, magazine-ad style: the country club's flagstone steps at midnight, where a blonde in a borrowed blue gown hurries down past topiary, pearls swinging, station wagon idling below. One glass pump — matching the portrait in a house everyone knows — stands on the steps in the porch light. Mint and buttercup palette, one wrong shadow, secrets. Square 1:1 frame. Avoid: text, watermarks, human characters where animals are specified, gore."
cinderella,17,Cold War Spy,cinderella_17_cold-war-spy.webp,"Cold War spy thriller painting: an embassy staircase in weak chandelier spill-light, where an asset in a Paris-label gown descends fast on one shoe, clutch tight, the Ambassador's son caught mid-reach at the landing above. On the stair, the right glass heel — deliberately empty, the decoy the counterintelligence men will study for years. Cold grays, one warm gold hem. Square 1:1 frame. Avoid: text, watermarks, human characters where animals are specified, gore."
cinderella,18,True Crime Doc,cinderella_18_true-crime.webp,"True-crime documentary reconstruction in the grounded journalistic style of In Cold Blood: a grand staircase treated as a documented crime scene at night, numbered yellow evidence markers around a single glass slipper on a step, a plainclothes detective photographing it, uniformed officers taking statements from ball guests, chalk-marked footsteps trailing away. Practical lamplight, muted realistic color, the flat factual tone of a real case being documented. Square 1:1 frame. Avoid: text, watermarks, human characters where animals are specified, gore, horror, found-footage grain, supernatural dread."
cinderella,19,Courtroom Drama,cinderella_19_courtroom.webp,"Courtroom drama painting: a wood-paneled courtroom where the glass slipper stands on the evidence table under a numbered tag, EXHIBIT A, as a young woman in half-mourning testifies from the stand and a widow's frozen smile cracks at the defense table. In the gallery, a young man waiting, four days patient. Honey-and-oak palette, gaslight, high drama. Square 1:1 frame. Avoid: text, watermarks, human characters where animals are specified, gore."
cinderella,20,Romance,cinderella_20_romance.webp,"Romance novel cover illustration: a terrace staircase at midnight where a young woman in a champagne gown pauses mid-flight on the steps, looking back once, sea wind in her hair — while a man in a surrendered bow tie takes the stairs after her two at a time. On the step between them, one beaded slipper, its strap just snapped. Moonlit sea, golden windows, painterly swirl. Square 1:1 frame. Avoid: text, watermarks, human characters where animals are specified, gore."
cinderella,21,Heist,cinderella_21_heist.webp,"Heist film concept art: the palace grand stair at 12:00 as alarms begin, where a woman in a ball gown descends in a controlled sprint, hollow glass heel in her hand — the other heel standing on the stair, one diamond glinting inside it, deliberately left. Guards silhouetted above, laser grid faint and red, the prince holding the surrendered slipper. Slick cool blues. Square 1:1 frame. Avoid: text, watermarks, human characters where animals are specified, gore."
cinderella,22,Detective Mystery,cinderella_22_detective.webp,"Classic detective mystery illustration: a palace staircase roped off as a scene at dawn, where a woman detective kneels at the glass slipper with a magnifying glass — wear pattern chalked, hand-ground glass sketched in a notebook, a maid's silhouette fleeing in the reconstruction inset. Fog greys, gaslight, pipe-smoke mood, deduction made visible. Square 1:1 frame. Avoid: text, watermarks, human characters where animals are specified, gore."
cinderella,23,Survival Wilderness,cinderella_23_survival.webp,"Survival wilderness painting: a frozen waterfall on a mountain descent at midnight, where a young woman in a capital gown and glass crampon-boots picks her line down the ice by moonlight, storm wind lifting her hem, the governor's hall glowing tiny in the valley below. One glass boot stands point-down in the ice like a flag. Deep blue night, aurora, one warm valley light. Square 1:1 frame. Avoid: text, watermarks, human characters where animals are specified, gore."
cinderella,24,Slapstick Cartoon,cinderella_24_slapstick.webp,"Frantic 1940s cartoon still: the palace steps mid-BONG as the clock tower inflates like a bullfrog, where a girl bolts down stairs that multiply behind her, gown pixelating back to patches, a horse-sized mouse pedaling a squashed pumpkin like a unicycle below. One slipper on its cushion gulps at the camera. Rubber-hose limbs, motion smears, impossible physics. Square 1:1 frame. Avoid: text, watermarks, human characters where animals are specified, gore."
cinderella,25,Mythic Epic,cinderella_25_mythic-epic.webp,"Mythic fresco painting: a temple stair beneath a sky of convened gods, where the ash-daughter descends in a gown of banked embers going gray as the gift returns to its element, shedding sparks. On the threshold-stone stair, one slipper of fire-honest glass keeps its form, singing a painted note. Gold leaf, terracotta and lapis, solemn epic geometry. Square 1:1 frame. Avoid: text, watermarks, human characters where animals are specified, gore."
cinderella,26,Science Fiction,cinderella_26_science-fiction.webp,"Retro-futuristic sci-fi concept art: an orbital flagship boarding ramp where a hull-scrubber runs as her light-woven gown dissolves into particles around her coveralls, pumpkin-orange shuttle waiting. One crystalline boot — grown from a lost colony ship's viewport glass — stays magnetized to the ramp, chiming. Chrome and teal, star-field, nursery-soft glow on the boot. Square 1:1 frame. Avoid: text, watermarks, human characters where animals are specified, gore."
cinderella,27,Action & Adventure,cinderella_27_action-adventure.webp,"Pulp adventure illustration: a palace wall at midnight where a young woman in a running-hemmed gown rappels down the outer stonework, map case slung, one glass-toed climbing boot wedged in the downspout above her like a summit flag. Ballroom light spills gold from the windows; a rope of knotted curtains swings. Golden-hour drama, dynamic diagonals, painted grit. Square 1:1 frame. Avoid: text, watermarks, human characters where animals are specified, gore."
cinderella,28,Supernatural Horror,cinderella_28_ghost-horror.webp,"Supernatural horror painting: a palace stair at the twelfth stroke where a young woman flees on one bare foot and one shod, tearing the left slipper off mid-stride — the abandoned slipper on the stair fogging from the inside, something faint coiling within the glass. Ballroom light dying behind her, cold blues, one warm candle, dread over gore. Square 1:1 frame. Avoid: text, watermarks, human characters where animals are specified, gore."
cinderella,29,Biography Memoir,cinderella_29_biography.webp,"Quiet literary painting: an elderly woman by a glass display cabinet at dusk, holding one beaded dance shoe while its mate sits inside beside a folded newspaper notice — LADY WHO LOST A GLASS SHOE MAY CLAIM IT — and a wedding photograph. Lace curtains, afternoon amber, Wyeth stillness. No magic anywhere, and no need of it. Square 1:1 frame. Avoid: text, watermarks, human characters where animals are specified, gore."
cinderella,30,Historical Fiction,cinderella_30_historical-fiction.webp,"Historical fiction oil painting, revolutionary autumn: a river stair below a lit ballroom where a young woman in twenty-years-unfashionable silk descends at midnight, hem in her fists — while across the water the first warehouse fires of the new order glow on the horizon. One exposition-glass slipper gleams on the wet stone stair. Candle gold against gathering red. Square 1:1 frame. Avoid: text, watermarks, human characters where animals are specified, gore."
cinderella,31,Stage Drama,cinderella_31_stage-drama.webp,"Theatrical stage painting: a ballroom set that is visibly also the kitchen set, where the girl runs downstage against a silent snowfall of ash from the flies, ballroom light dying back into kitchen light around her. One slipper rests downstage center in a tight spot; the prince lifts it among the pots, looking out at us. Footlight amber, audience dark, the withheld knock implied. Square 1:1 frame. Avoid: text, watermarks, human characters where animals are specified, gore."
cinderella,32,Graphic Novel,cinderella_32_graphic-novel.webp,"A comic-book page laid out as three or four rectangular panels with clean white gutters and bold black ink borders, halftone-dot shading: a young woman in a ball gown fleeing down a grand palace staircase at midnight as a great clock strikes twelve, one glass slipper left on a step and the prince a step behind, the flight broken across panels. Dramatic vintage comic art. A landscape comic-book page. Anthropomorphic pigs, wolf, and bears upright and clothed where present. Speech balloons and caption boxes with illegible squiggle lettering, not real words. Avoid: photorealism, gore, legible text."
cinderella,33,Ergodic,cinderella_33_ergodic.webp,"Recovered case-file collage on aged paper: a gilt guest list with the 340th name blacked out, a dance card filling itself in, a diagram of a pumpkin annotated as a calendar with thirteen mouse-hours, and a photograph of a palace stair where the slipper rests exactly in the gap between two lines of type. Redaction bars, string, coffee rings, three hands of illegible scrawl. Square 1:1 frame. Avoid: text, watermarks, human characters where animals are specified, gore."
cinderella,34,Transgressive,cinderella_34_transgressive.webp,"Xeroxed punk-zine collage, harsh contrast: a palace stair where a young woman in a gown sits calmly placing the glass slipper at dead center like an invoice, ledger tucked under her arm, the ball glittering obliviously in the doorway above. Ripped-paper edges, photocopier grain, one spray-silver accent on the glass. Deliberate, not lost. Square 1:1 frame. Avoid: text, watermarks, human characters where animals are specified, gore."
cinderella,35,Climate Fiction,cinderella_35_climate-fiction.webp,"Painterly climate-fiction scene: a coastal causeway at 11:40 PM with the tide already climbing the stones, where a young woman in sail-silk hurries landward past a seawall stenciled with a flood date, the governor's climate ball glowing on the headland behind. On the drowned stair, one sea-colored storm-glass slipper filling with phosphorescent tide. Storm greys, seedling green. Square 1:1 frame. Avoid: text, watermarks, human characters where animals are specified, gore."
cinderella,36,Slipstream,cinderella_36_slipstream.webp,"Quiet surrealist painting, Magritte sensibility: a ballroom staircase where the same fleeing figure appears three times at three heights in overlapping exposures, each fainter, while the tall windows show dusk, midnight, and morning simultaneously. On the marble, one glass slipper casting three shadows in three directions. Muted dream palette, flat even light, deadpan calm. Square 1:1 frame. Avoid: text, watermarks, human characters where animals are specified, gore."
cinderella,37,Bangsian,cinderella_37_bangsian.webp,"Warm classical afterlife oil painting: an eternal ballroom assembled from mismatched ballrooms — marble arcade fusing into a wood-paneled hall — where a laughing ninety-nine-year-old woman runs down stairs built of every stair anyone fled, her prince a delighted step behind, three bored Fates watching from a clerk's bench. One slipper mid-stair, glowing. Elysian gold and rose. Square 1:1 frame. Avoid: text, watermarks, human characters where animals are specified, gore."
cinderella,38,Black Comedy,cinderella_38_black-comedy.webp,"Deadpan symmetrical tableau, flat editorial-cartoon oil: the palace fitting-tour queue — eleven identical-footed women icing their feet, a satisfied duke at the front wearing the slipper beautifully — while at the very back a young woman holds the matching slipper in a bread bag, entirely unimpressed. A committee table groans with paperwork. Institutional beige, one crystal accent. Square 1:1 frame. Avoid: text, watermarks, human characters where animals are specified, gore."
cinderella,39,Magical Realism,cinderella_39_magical-realism.webp,"Latin American magical-realism painting: a village kitchen at midnight where a gown is politely returning to ash around a smiling girl — the ash spiraling up the chimney like reversed weather — while through the window a shed-sized pumpkin carriage waits harnessed to itself and neighbors wave without breaking stride. On the doorstep, one slipper that stayed glass. Marigold, dusk-blue, gold. Square 1:1 frame. Avoid: text, watermarks, human characters where animals are specified, gore."
cinderella,40,Epistolary,cinderella_40_epistolary.webp,"Flat-lay illustration on a desk: a correspondence file — gilt invitation with penciled annotation, dressmaker's receipts, a palace herald clipping reading SLIPPER RETAINED, a note pinned to a kitchen gate — arranged around two glass slippers at center, one travel-worn, one pristine, reunited. Wax seals, pressed flowers, handwriting as illegible scrawl. Warm parchment tones. Square 1:1 frame. Avoid: text, watermarks, human characters where animals are specified, gore."
pigs,41,The True Original,pigs_41_true-original.webp,"Antique Victorian wood-engraving storybook plate, fine black-ink hatching: inside a brick cottage, the third little pig in an apron stands by a great cauldron boiling over the hearth fire as the wolf tumbles down toward the pot, two frightened pig brothers watching from a doorway. 1880s engraved fairy-tale plate. Antique black-ink wood-engraving, aged cream paper, landscape orientation. Anthropomorphic animals where present (pigs, wolf, bears) upright and clothed. Avoid: modern elements, bright color photography, gore, legible modern text."
red,41,The True Original,red_41_true-original.webp,"Antique Victorian wood-engraving storybook plate, fine black-ink hatching: a huntsman kneeling at the bedside cutting open the sleeping wolf's belly with shears while Little Red-Cap and her grandmother step out alive; a cottage bedroom. 1880s engraved fairy-tale plate; grim but not gory. Antique black-ink wood-engraving, aged cream paper, landscape orientation. Anthropomorphic animals where present (pigs, wolf, bears) upright and clothed. Avoid: modern elements, bright color photography, gore, legible modern text."
goldilocks,41,The True Original,goldilocks_41_true-original.webp,"Antique Victorian wood-engraving storybook plate, fine black-ink hatching: a startled little old woman in a bonnet leaping out of an upstairs window as three roaring bears (small, middle, and great huge) burst into the bedroom behind her; a broken chair and porridge bowls nearby. 1880s engraved fairy-tale plate. Antique black-ink wood-engraving, aged cream paper, landscape orientation. Anthropomorphic animals where present (pigs, wolf, bears) upright and clothed. Avoid: modern elements, bright color photography, gore, legible modern text."
cinderella,41,The True Original,cinderella_41_true-original.webp,"Antique Victorian wood-engraving storybook plate, fine black-ink hatching: Cinderella in a gown of gold kneeling at her mother's grave beneath a hazel tree, a little white bird on a branch dropping finery to her, a single golden slipper on the ground. 1880s engraved fairy-tale plate. Antique black-ink wood-engraving, aged cream paper, landscape orientation. Anthropomorphic animals where present (pigs, wolf, bears) upright and clothed. Avoid: modern elements, bright color photography, gore, legible modern text."
